Number,Gender,Title,GivenName,MiddleInitial,Surname,StreetAddress,City,State,ZipCode,Country,CountryFull,EmailAddress,Username,Password,TelephoneNumber,MothersMaiden,Birthday,CCType,CCNumber,CVV2,CCExpires,NationalID,UPS,Occupation,Company,Vehicle,Domain,BloodType,Pounds,Kilograms,FeetInches,Centimeters,GUID,Latitude,Longitude
1,male,Mr.,Jerry,A,Coleman,1215 Caldwell Road,Rochester,NY,14608,US,United States,JerryAColeman@armyspy.com,Welsight73,KeFoo3bei,585-255-1127,Schulte,3/7/1973,MasterCard,5459242598691494,486,12/2016,125-20-4412,1Z 367 A54 57 2529 578 8,Foreign language interpreter,Life Plan Counselling,2003 Chrysler 300,AstrologyClipart.com,AB+,186.1,84.6,6' 1",185,9725cfd3-7cac-4abd-9226-36f4473902a0,43.236478,-77.637494
2,female,Mrs.,Debra,D,Bailey,4677 Pallet Street,New York,NY,10011,US,United States,DebraDBailey@cuvox.de,Distaild,ahtha0AiB,914-412-0298,Thomas,11/16/1930,MasterCard,5574451003047651,115,11/2014,108-20-6735,1Z 126 267 61 0834 826 2,Professional athlete,Handy City,2011 Nissan Altima,BarMitzvahCoach.com,O+,121.2,55.1,5' 2",158,b6a6d8c3-864d-40e4-bf67-5e94a8a2d02f,40.78874,-73.955047
3,male,Mr.,Roy,L,Greenwell,2413 Capitol Avenue,Romney,IN,47981,US,United States,RoyLGreenwell@superrito.com,Whisight,Roh1Phaivai,765-538-2134,Sellers,1/18/1968,Visa,4485372252814909,357,2/2017,314-12-0362,1Z 542 208 78 0987 121 1,Cook,Big D Supermarkets,2008 Chevrolet Tahoe,TerrorTax.com,A-,208.8,94.9,5' 8",173,d9c4a813-b5b4-4074-8563-5a97abf4af2e,40.328997,-86.999726
4,female,Mrs.,Carie,S,King,1969 Reppert Coal Road,Detroit,MI,48219,US,United States,CarieSKing@cuvox.de,Gince1977,oofeuT9hei,586-916-1089,Carter,5/24/1977,MasterCard,5165177846388615,617,11/2018,364-08-8243,1Z E52 612 71 8426 187 7,Cardiologist,Locost Accessories,2006 Porsche Cayenne,EquipSale.com,O+,109.1,49.6,5' 5",165,48ae37f6-7c36-4418-95e9-62a0cef67eca,42.398514,-83.256447
5,male,Mr.,Frank,J,Clarke,722 Harvest Lane,Sedalia,MO,65301,US,United States,FrankJClarke@gustr.com,Tence1974,eiJu9beesh,660-829-8161,Vincent,5/25/1974,Visa,4539583770080775,657,3/2015,500-32-5083,1Z 985 897 08 4350 543 1,Job service consultant,Cherry & Webb,2012 Lotus Elise,EgoSave.com,A+,191.6,87.1,5' 9",174,5ae97293-8f4d-40c0-85fb-5b6f70fd4d73,38.74453,-93.204505
6,female,Mrs.,Glenda,J,Williams,4504 Java Lane,Orangeburg,SC,29115,US,United States,GlendaJWilliams@einrot.com,Ounded,Ahb8ohC4,803-539-8623,Gomez,2/9/1972,Visa,4716666063458884,872,1/2017,248-76-8018,1Z 760 883 35 5752 161 9,X-ray technician,A Plus Lawn Care,2011 Proton Arena,KeywordPortfolios.com,A-,194.7,88.5,5' 2",158,f447f56e-5cff-4a46-900f-33d3751b0b34,33.479902,-80.802606
7,male,Mr.,Jason,F,Scott,1167 Marion Drive,Winter Haven,FL,33830,US,United States,JasonFScott@superrito.com,Witimpen,vobu5Quush,813-363-5042,McPherson,2/5/1955,MasterCard,5565369780494824,634,11/2015,594-53-6614,1Z 057 144 29 0356 461 1,Musical instrument tuner,National Lumber,2005 Ford E-150,TanCarpet.com,A+,169.0,76.8,5' 10",177,5dc0b00c-c762-44bc-9b1f-c94339028aa3,28.023482,-81.60797
8,female,Ms.,Susan,T,Chandler,322 Langtown Road,Toledo,OH,43609,US,United States,SusanTChandler@einrot.com,Fichave,Yai9oorei,567-340-5882,Thornton,9/22/1935,MasterCard,5345265924147590,744,2/2017,292-46-6644,1Z 908 931 54 6058 932 7,Electronic prepress technician,Universal Design Partners,1994 Lamborghini Diablo,ReportBrain.com,O+,122.3,55.6,5' 4",163,05764849-df01-4dd9-b13c-364225d0d118,41.534012,-83.617051
9,male,Mr.,Richard,G,Brock,988 Sunburst Drive,Fort Myers,FL,33901,US,United States,RichardGBrock@superrito.com,Therant,PahnahF8,239-336-0832,Couch,2/9/1971,Visa,4916262050024075,767,12/2018,595-21-4368,1Z F64 F86 94 8891 746 6,Petroleum technician,Rainbow Bay Crafts,1994 Chrysler ES,BaldSociety.com,O+,220.2,100.1,5' 8",173,c6652717-c546-42e7-bb1c-248ab61f772c,26.532564,-81.909864
10,female,Mrs.,Patti,B,McKnight,1839 Elkview Drive,Hialeah,FL,33012,US,United States,PattiBMcKnight@cuvox.de,Goot1941,baa9Naewoo1,772-377-5188,Williams,3/22/1941,MasterCard,5523392718054990,113,2/2016,266-51-8371,1Z W24 107 03 8261 768 8,Appellate court judge,Giant Open Air,2000 Land Rover Freelander,GrandRapidsTitle.com,O+,166.5,75.7,5' 5",164,146d234d-7c47-438c-bbd0-13811fa8f8cc,25.878376,-80.401418
11,male,Mr.,Ross,R,Kay,2849 Junkins Avenue,Albany,GA,31707,US,United States,RossRKay@teleworm.us,Cipen1955,jachoh0W,229-407-9032,Johnson,4/24/1955,Visa,4916999065370536,964,9/2015,671-20-7586,1Z 944 015 40 3229 097 4,Credit clerk,Jewel Mart,1993 Donkervoort D8,PotteryEmporium.com,A+,224.2,101.9,5' 8",172,caaa72e3-4259-49cb-a5aa-69eb4995efea,31.549414,-84.190364
12,female,Ms.,Patricia,D,Striegel,2871 Murry Street,Norfolk,VA,23510,US,United States,PatriciaDStriegel@teleworm.us,Youghbould,veeng8uKaiph,757-448-1642,Michaelson,9/28/1986,MasterCard,5319171302414226,873,9/2015,691-05-5437,1Z 800 A18 84 2072 288 4,Glass repairer,Beefsteak Charlie's,2005 Bentley Continental,StartupStores.com,O-,189.0,85.9,5' 9",175,33e156a5-eed2-4540-92a8-0fb27180af1a,36.786098,-76.252226
13,male,Dr.,Andre,J,Larson,643 Patterson Road,Queens,NY,11418,US,United States,AndreJLarson@cuvox.de,Flualinte,uuHo9Miwahsh,718-846-4924,Smith,10/1/1940,Visa,4485374842766151,248,3/2018,057-48-9503,1Z 433 524 21 1664 785 2,Water transportation mate,Rickel,2010 Ferrari 612 Scaglietti,DeliciousThemes.com,O-,141.5,64.3,6' 0",184,6c759f44-35da-4951-9251-590be881a0ba,40.764451,-73.865152
14,female,Ms.,Martha,R,Wheat,3694 Mount Tabor,New York,NY,10013,US,United States,MarthaRWheat@dayrep.com,Apprideque,chahFee7Ei,914-485-4373,Pagan,8/10/1964,Visa,4716930259882921,320,5/2017,060-32-7514,1Z F62 68E 72 7481 509 4,Actuarie,Solution Answers,1993 TVR Chimaera,GroupRules.com,A+,230.6,104.8,5' 6",168,01649c3f-307f-4bcd-93aa-0947b1c9a36e,40.636187,-74.051539
15,female,Ms.,Wendy,F,Hill,180 Tenmile,Desert Center,CA,92239,US,United States,WendyFHill@gustr.com,Beettlefor,Caibaeho0hah,760-227-2128,Brown,1/24/1969,MasterCard,5179609826022461,979,10/2015,569-44-4476,1Z 160 959 16 8890 639 0,Musical instrument tuner,Joshua Doore,1995 Ford Galaxy,ColumbusMover.com,A+,112.6,51.2,5' 1",154,7b1fa688-0ad0-491e-b4fb-82aadbfc3e2c,33.772845,-115.235768
16,female,Ms.,Nicole,O,Mack,2889 Wildwood Street,Medina,OH,44256,US,United States,NicoleOMack@armyspy.com,Opeashom,Johvee4oh,330-725-1413,Bishop,5/20/1991,Visa,4929829608189447,803,8/2014,277-96-2908,1Z 47F 050 51 4892 090 3,Payroll secretary,Sure Save,2007 Toyota RAV4,SunglassSpecialist.com,O+,178.9,81.3,5' 4",163,a745dac9-47c2-44da-bbc9-a57818eab991,41.19287,-81.767765
17,female,Ms.,Bonnie,R,Ibrahim,4237 Warner Street,Casper,WY,82601,US,United States,BonnieRIbrahim@dayrep.com,Suldand,osie5goC2ee,307-204-8559,Carter,9/18/1962,Visa,4556137616627501,634,7/2015,520-72-0569,1Z 984 095 07 8317 870 1,Amusement and recreation attendant,Geri's Hamburgers,1999 GMC Sierra,GamingWild.com,AB+,185.2,84.2,5' 7",169,a89e6bab-dbee-4d8d-b2ce-98b6c8dd07a7,43.138183,-106.326555
18,female,Ms.,Lisa,R,Mecham,4938 Progress Way,South Haven,MN,55382,US,United States,LisaRMecham@armyspy.com,Ruimilot,quiVie5OhSoo,320-236-0358,Henderson,3/5/1936,Visa,4556665862836863,451,2/2018,468-72-3822,1Z 576 937 49 5736 252 1,Crossing guard,Food Barn,2008 Jaguar X-Type,PimpleGel.com,A+,217.6,98.9,4' 11",150,4afa6c7c-5576-4ddd-9d83-fa8b0bdf9362,45.247086,-94.237003
19,male,Mr.,Richard,D,Ratcliff,4979 Canis Heights Drive,Los Angeles,CA,90071,US,United States,RichardDRatcliff@armyspy.com,Weld1936,azooPee1,213-698-8551,George,7/17/1936,Visa,4929357369718089,741,9/2018,613-86-4983,1Z 5V1 966 50 9326 029 2,Fork lift operator,Erb Lumber,1997 Nissan Terrano II,CardKnowledge.com,B+,191.2,86.9,5' 5",164,db4656ed-4432-4614-99bc-c7231f8a8ce8,33.968264,-118.335398
20,male,Mr.,John,A,Braswell,2414 Coal Road,Tannersville,PA,18372,US,United States,JohnABraswell@teleworm.us,Exiorat,qui5WaeF,570-620-3843,Worthy,11/30/1981,MasterCard,5454616838031782,046,2/2017,166-56-0163,1Z 4V7 104 15 2740 470 2,Merchandise displayer,Golden Joy,1993 Nissan 300 ZX,MemphisConnections.com,A+,201.3,91.5,5' 10",179,6b6ab359-7467-4836-98f3-111a191ce323,41.009753,-75.436399
21,female,Mrs.,Catherine,J,Hinojosa,2932 Cook Hill Road,New Haven,CT,06511,US,United States,CatherineJHinojosa@armyspy.com,Danclas,Aisee7ooz,203-477-3061,Moore,5/23/1956,Visa,4929290652869394,655,8/2015,045-09-2996,1Z 389 2V9 70 0251 637 2,Concierge,Bumper to Bumper Auto Parts,2002 Nissan Primera,SanDiegoFuneralHome.com,O+,173.1,78.7,5' 7",171,0123b89d-dc73-491d-8643-fc7c40ded314,41.307474,-73.002905
22,female,Ms.,Sadie,J,Torres,52 Jarvisville Road,Westbury,NY,11590,US,United States,SadieJTorres@superrito.com,Subjecome1934,ohGhoh1oil0H,516-997-4867,Desrosiers,6/29/1934,MasterCard,5572024071227752,696,5/2015,059-48-1293,1Z 349 Y26 33 6917 340 9,Hairstylist,Sunny Real Estate Investments,2010 Volvo S40,RingtoneReady.com,O+,200.6,91.2,5' 1",155,5faa761a-b3d4-4e03-a185-422e4eb02541,40.796353,-73.529261
23,female,Ms.,Jennifer,W,Paxton,2922 Doctors Drive,Irvine,CA,92614,US,United States,JenniferWPaxton@gustr.com,Goisuccaut,dai7shiuD,310-430-7875,Hayden,12/15/1992,MasterCard,5139526251693955,104,6/2017,546-01-7424,1Z 054 W32 60 8659 924 8,Travel adviser,A. L. Price,1996 Saturn SL,BondCoupon.com,A-,152.2,69.2,5' 4",163,1dd4a46e-8461-4f07-b8e9-1c94436529d8,33.775524,-117.837145
24,female,Ms.,Maye,J,Sanchez,2061 Stonecoal Road,Toledo,OH,43602,US,United States,MayeJSanchez@dayrep.com,Hishey,oquoc8iFiph,419-515-3056,Bilodeau,3/8/1973,MasterCard,5389952575532272,783,8/2017,277-18-9382,1Z 4Y1 20Y 93 4746 147 2,Beautician,Fresh Start,2006 Ascari KZ1,LockerLiner.com,AB+,128.5,58.4,5' 6",168,31f89234-298f-42aa-9907-4fdb867ff0db,41.584199,-83.509241
25,female,Mrs.,Kelly,S,Nguyen,3161 Palmer Road,Columbus,OH,43212,US,United States,KellySNguyen@einrot.com,Lizabilings,gohNg2saoloh,614-729-8389,Hall,12/21/1994,Visa,4929958787589208,556,4/2014,288-30-6382,1Z 6F5 394 25 7396 543 4,Cardiology technologist,PriceRite Warehouse Club,2005 Jeep Commander,MoreStatus.com,A+,114.6,52.1,5' 4",162,e02d3a62-6e75-4c37-9e9b-2efe6b73de12,40.014634,-83.108849
26,male,Mr.,Andrew,R,Rolfe,171 Bungalow Road,Omaha,NE,68164,US,United States,AndrewRRolfe@superrito.com,Scer1991,tuSa6upii,402-963-7201,Kopp,12/21/1991,MasterCard,5548652698991912,548,11/2017,506-15-9558,1Z 370 298 86 2079 773 9,New accounts clerk,Coconut's,1996 Mitsubishi FTO,APIVentures.com,O+,134.9,61.3,6' 2",189,5436dde0-45ce-48e5-94ce-7f54293fca2e,41.321118,-96.092403
27,female,Ms.,Linda,S,Miller,2770 Barnes Avenue,Loveland,OH,45140,US,United States,LindaSMiller@dayrep.com,Diect1932,Doa1Phimoo,513-677-2998,Perez,7/15/1932,MasterCard,5307926239208718,693,3/2015,293-44-9808,1Z 687 217 69 2931 047 2,Personnel training officer,Foxmoor,1996 Citroen Xantia,Editorville.com,A+,218.9,99.5,5' 1",154,a6b7a5f4-2c24-4d09-be77-9a37f1bdb373,39.307828,-84.268457
28,male,Mr.,John,K,Robertson,4378 Rose Street,Blue Island,IL,60406,US,United States,JohnKRobertson@teleworm.us,Thatur,Ahba2kah1ie,708-239-8496,Fecteau,11/23/1979,Visa,4929502364843883,462,7/2018,354-76-5182,1Z 911 A96 96 1457 933 4,Carpet floor and tile installer,Thom McAn Store,2009 BMW M3,SplashJet.com,A-,198.9,90.4,5' 8",173,29b44053-dac9-46a7-a0a8-b2568ad05d70,41.71322,-87.695202
29,female,Ms.,Christine,K,Ward,374 Harvest Lane,Omaha,MO,63565,US,United States,ChristineKWard@einrot.com,Mout1948,AeQu1ohPeir,660-933-1473,Price,3/30/1948,MasterCard,5554659778534653,301,10/2014,491-18-6221,1Z 0W7 934 46 5412 056 3,Adjudicator,Twin Electronics,2009 Cadillac CTS-V,TripBusiness.com,A+,141.2,64.2,5' 1",156,b4309cc0-2f54-40b1-b981-b043d9ad5f0e,36.437845,-93.199236
30,female,Ms.,Diane,J,Johnson,2925 Margaret Street,Houston,TX,77026,US,United States,DianeJJohnson@einrot.com,Thatten,ro6ewizeT,713-940-1656,Tims,8/8/1986,MasterCard,5223179261607222,586,2/2014,458-31-1826,1Z 2V5 5E9 13 4224 824 7,Emergency medical technician,Gino's Hamburgers,2004 BMW 760,GPSGolfing.com,A+,206.4,93.8,5' 5",166,7b4d2be5-b829-43d0-b575-bac5480b03fa,29.741361,-95.280232
31,male,Mr.,Joshua,B,Rodgers,952 Ben Street,East Lansing,MI,48823,US,United States,JoshuaBRodgers@cuvox.de,Objectioneve,iBai9lei9oo,517-979-4252,Harty,3/9/1965,Visa,4916724527245815,358,3/2014,381-29-3886,1Z 231 82Y 34 3906 535 5,Pointer,H. J. Wilson & Company,2008 Suzuki Forenza,ListFail.com,O+,163.0,74.1,5' 9",175,fbcbfe30-d11e-4877-b6d4-b1135cc916ef,42.768713,-84.526005
32,male,Mr.,John,M,Dawson,3177 Ferry Street,Huntsville,AL,35816,US,United States,JohnMDawson@cuvox.de,Liffir,HohgieN3moh,256-701-5619,Quinn,1/25/1994,MasterCard,5135975892435314,805,6/2014,422-06-3930,1Z 795 630 01 7766 581 9,Blaster,Federated Group,2004 Beijing BJ 2020,InvestmentMobile.com,O+,157.1,71.4,5' 10",177,4dbbc01e-23b3-4b68-a81e-19c9e3bb0ab9,34.758127,-86.714884
33,male,Mr.,John,N,Robinson,4327 Grasselli Street,Merrimack,NH,03054,US,United States,JohnNRobinson@gustr.com,Onthe1974,ohThe4peyi,603-517-2879,Wagner,3/1/1974,MasterCard,5422402923182809,783,4/2018,003-14-4417,1Z 336 E37 47 0464 737 9,Certified public accountant,The Great Train Stores,2008 BMW 740,EyeReporter.com,A+,198.7,90.3,5' 9",176,a5b05e8a-dde7-4f8d-accd-3b608a831216,42.820235,-71.611152
34,female,Ms.,Lana,C,Cruz,1412 Cerullo Road,Louisville,KY,40223,US,United States,LanaCCruz@gustr.com,Weare1993,Oovae0Xee,502-460-0836,Livingston,1/29/1993,MasterCard,5553934877206151,306,9/2016,401-98-6465,1Z 475 016 16 3095 833 1,Account collector,Franklin Simon,2008 Chrysler Town & Country,FindingImages.com,AB+,140.1,63.7,5' 5",164,a21531df-3a59-450c-afd0-f4de913a858c,38.162824,-85.461714
35,male,Mr.,Donald,E,Schiller,4504 Washington Street,Berclair,TX,78107,US,United States,DonaldESchiller@einrot.com,Goorms,Xee0engo,361-439-4633,Johnson,3/21/1945,Visa,4485709811344441,483,1/2017,637-92-2607,1Z Y60 167 96 3781 558 2,Bibliographer,Liberty Wealth Planner,2004 Chevrolet Avalanche,TreeYard.com,O+,181.7,82.6,5' 4",163,77a93cc7-98a1-4122-8af2-b958580fe076,28.446554,-97.682693
36,female,Mrs.,Barbara,S,Gregory,3113 Breezewood Court,Ulysses,KS,67880,US,United States,BarbaraSGregory@superrito.com,Shation,oah7po6M,620-370-9349,Brown,10/21/1988,MasterCard,5461502364711644,206,10/2016,511-30-4024,1Z 201 646 38 2812 625 3,Coatroom attendant,Dream Home Real Estate Service,1993 Bristol Blenheim,CashmereCloseouts.com,B+,207.7,94.4,5' 4",162,45a26457-4114-42ba-9e3e-e7db6b666f07,37.7165,-101.23211
37,female,Ms.,Lois,R,Miller,3886 Columbia Boulevard,Baltimore,MD,21202,US,United States,LoisRMiller@cuvox.de,Swifirold,weeG7Va4Te,410-393-5310,Dill,12/5/1993,Visa,4916900048565994,197,9/2014,212-04-4568,1Z 405 611 00 2096 861 4,Sewer pipe cleaner,Lazysize,1996 Ford Falcon,SatelliteGambling.com,O+,171.2,77.8,5' 1",156,a1147002-86d7-4a54-a76a-0822e4aaf968,39.378526,-76.678779
38,male,Mr.,Sam,J,Smith,1896 Goosetown Drive,Sevier,NC,28752,US,United States,SamJSmith@einrot.com,Hationge,ooLau8cohTain,828-756-6610,Forsythe,6/22/1989,MasterCard,5432998880710373,892,2/2018,688-09-9194,1Z 13F 820 58 9627 133 4,News photographer,Mervyn's,1998 BMW 330,CPASpecialist.com,O+,207.5,94.3,5' 10",177,86017493-7ac0-421e-ad9c-77c7954149c7,35.907333,-83.473416
39,female,Mrs.,Alena,A,Garza,4349 Twin Oaks Drive,Manistee,MI,49660,US,United States,AlenaAGarza@teleworm.us,Awerly1940,johb7Ivo1Od,231-398-2817,Carroll,12/8/1940,Visa,4916563417721935,129,2/2018,370-26-5535,1Z W24 635 69 3632 338 5,Two-stroke engine mechanic,Super Shops,2005 Pagani Zonda,ExitOption.com,O-,182.4,82.9,5' 7",169,6e98d095-06d9-44d7-9a72-e241f0f052f3,44.274577,-86.22256
40,female,Mrs.,Tonya,K,Taylor,1210 Elliot Avenue,Seattle,WA,98133,US,United States,TonyaKTaylor@cuvox.de,Yourall1956,Yu5oojeh7,206-498-9061,Schneider,12/8/1956,MasterCard,5588588537942487,729,12/2015,536-04-2946,1Z 392 871 68 3793 002 5,Umpire,Body Toning,2009 Bentley Continental GT,LandscapingClub.com,O+,221.5,100.7,5' 5",164,e8d1f21c-df66-42f0-b097-22e12843e831,47.825093,-122.295407
41,female,Mrs.,Bessie,B,Howlett,465 Goldleaf Lane,Newark,NJ,07105,US,United States,BessieBHowlett@gustr.com,Hapithe,athibei6Eeg,201-629-6685,Pauli,6/4/1946,Visa,4716896104103179,486,11/2018,146-56-5383,1Z 162 887 48 6398 676 0,Garbage collector,Kinney Shoes,2000 Cadillac XLR,LawyerScreener.com,O+,135.1,61.4,5' 3",160,9f2243a4-718c-432d-abf5-a7e14bc46d89,40.784907,-74.087927
42,female,Mrs.,Laura,E,Kramer,1449 Coleman Avenue,San Diego,CA,92101,US,United States,LauraEKramer@cuvox.de,Splifir,sieYah7hei,760-828-1097,Miller,4/15/1984,MasterCard,5363865683154120,137,1/2014,560-87-2104,1Z F96 3F1 41 1033 754 6,Station agent,Thompson,2002 Infiniti I35,CoupleSeminar.com,O+,181.3,82.4,5' 1",155,c1af6f7e-dff2-489f-a66d-1a8d22a5f7c5,32.671661,-117.22771
43,female,Mrs.,Dolores,A,Massey,2559 Locust Street,Colquitt,GA,31717,US,United States,DoloresAMassey@dayrep.com,Paten1953,CiedaT3Och,229-758-6732,Stacey,5/19/1953,Visa,4539001231116831,406,7/2017,260-48-2569,1Z 707 376 23 3310 848 1,Executive secretary,Klopfenstein's,2012 Seat Exeo,SeekAdvertising.com,A+,214.3,97.4,5' 8",172,b44eb2c4-4296-45ce-a3fd-a7daeafeb940,31.113103,-84.669498
44,male,Mr.,Michael,D,Cameron,3340 Emma Street,Hardesty,TX,73944,US,United States,MichaelDCameron@teleworm.us,Lompostathe85,ei7Niw7mie,806-882-0856,Lipe,11/30/1985,MasterCard,5389353756037696,735,11/2018,464-54-3423,1Z 13F 757 19 0590 118 2,Environmental engineering technician,On Cue,2000 Audi S8,BotoxSeek.com,O+,133.3,60.6,6' 3",190,1059e282-5ba4-48b3-b66c-df1619c9ad8c,36.578909,-101.117959
45,female,Ms.,Liza,D,Pounders,4973 Middleville Road,Rosemead,CA,91770,US,United States,LizaDPounders@cuvox.de,Valast1954,zah7Ur0phaip,626-312-2467,Taylor,8/14/1954,Visa,4539471989027409,169,3/2015,605-47-8899,1Z 107 027 65 2372 308 0,Stenocaptioner,Boston Sea Party,2008 Rover Streetwise,CardPulse.com,B+,222.4,101.1,5' 0",153,f0436fa5-977d-4bb0-a4aa-6b18f5b4280c,34.028744,-118.046233
46,male,Mr.,Victor,N,Galyon,4818 Payne Street,Pinehurst,TX,77362,US,United States,VictorNGalyon@gustr.com,Beciong,Aihah6eithi,281-252-7619,Dansby,9/7/1988,Visa,4532298276619995,601,7/2017,631-14-2259,1Z V90 362 43 7937 465 1,Personal attendant,Town and Country Convenience Stores,2000 Mazda Protege,TicksEason.com,B+,176.0,80.0,5' 7",171,ffd0dc8d-05a9-46a6-9022-99b9259652a8,30.069796,-95.633005
47,male,Mr.,Calvin,H,Lieber,2090 Twin House Lane,Springfield,MO,65804,US,United States,CalvinHLieber@cuvox.de,Joyagesse1974,kair5Oaphe,417-440-8945,Clark,10/30/1974,MasterCard,5328699381229932,423,1/2015,486-01-9217,1Z 734 300 12 3067 964 8,Poultry trimmer,Chandler's,1992 Morgan 4,BlogRequest.com,O+,216.7,98.5,6' 2",188,357ce939-3e55-402a-b19c-e14fa3073c24,37.186669,-93.264671
48,male,Mr.,Kevin,D,Jensen,988 Losh Lane,Pittsburgh,PA,15206,US,United States,KevinDJensen@teleworm.us,Furk1932,wekiun5xeeX,412-726-1397,Brazier,6/30/1932,Visa,4916716771698921,618,4/2018,187-38-4316,1Z 657 161 35 8763 231 8,Auto damage appraiser,Champion Auto,2011 Ferrari 458 Italia,GreatestCD.com,O+,177.8,80.8,5' 9",174,7fbd1830-d27c-435a-a05a-a5642727c7af,40.526498,-79.944729
49,female,Mrs.,Nancy,D,Jones,2187 Kerry Way,Gardena,CA,90248,US,United States,NancyDJones@teleworm.us,Artheyely,uC1aec8shohz,562-788-9642,Nave,4/18/1960,MasterCard,5450518069145360,592,8/2014,570-90-3232,1Z 61E 44Y 77 6309 093 8,Guidance counselor,Albers Super Markets,2007 Maserati Quattroporte,PrankKing.com,O-,152.0,69.1,5' 0",153,d0ad56fd-c6af-40c9-ae8b-b67bf9bc70ca,33.839247,-118.288848
50,male,Mr.,Cecil,L,Baumgarten,2101 Richards Avenue,La Grange,CA,95329,US,United States,CecilLBaumgarten@dayrep.com,Steat1929,xees6oJiej,209-852-5667,Stover,5/24/1929,MasterCard,5393783326965717,252,12/2015,609-78-1517,1Z 041 784 38 4078 593 9,Truck driver,Maxaprofit,2008 Honda Pilot,MentalFest.com,B+,154.0,70.0,5' 4",162,f2547707-2386-4c2d-b297-254886a28d67,37.691611,-120.504528
51,male,Mr.,Ernest,M,White,4286 Wexford Way,Columbia,SC,29201,US,United States,ErnestMWhite@superrito.com,Allogrishme1932,MioCh3zoo,803-301-5591,Dickey,11/2/1932,MasterCard,5460175699764173,137,10/2015,248-36-3234,1Z 3W5 766 07 8972 177 3,Credit investigator,Dreamscape Garden Care,2005 Chevrolet Corvette,CashCentric.com,B+,218.5,99.3,5' 10",179,adce6f7f-314e-49d9-96b1-6eef37a3e5fd,33.899042,-81.082665
52,male,Mr.,Craig,K,Feldt,1554 Elliott Street,Center Ossipee,NH,03814,US,United States,CraigKFeldt@armyspy.com,Butillecting,Chai9ueph8,603-539-5017,Considine,7/5/1948,Visa,4556641490086163,931,7/2014,001-05-3701,1Z V03 24A 42 1759 558 0,Developmental psychologist,Polk Brothers,2003 Ford Ecosport,vSpecials.com,B+,226.2,102.8,6' 0",184,2f3aa791-a34a-4133-be9f-f518464521a2,43.855276,-71.215797
53,male,Mr.,Henry,C,Vining,3818 Clover Drive,Colorado Springs,CO,80903,US,United States,HenryCVining@dayrep.com,Wherinew37,Hee0moche,719-271-1914,Meserve,12/15/1937,MasterCard,5406244734791307,693,9/2016,653-24-3852,1Z 692 38Y 07 4838 639 8,Encoding clerk,Happy Bear Investment,2010 Cadillac SRX,VCTalks.com,B+,185.9,84.5,6' 0",182,667bd8dc-0e27-4e72-98e4-93f4383bcc31,38.918645,-104.817125
54,male,Mr.,John,D,Blount,3599 C Street,East Bridgewater,MA,02333,US,United States,JohnDBlount@superrito.com,Smang1962,Eekie0ei,508-350-1217,Beck,9/23/1962,Visa,4916967458255093,948,10/2016,031-40-3083,1Z 0E0 276 68 7008 554 7,Blood bank technologist,Edwards,2002 Saab 9-X,PlumbingDesigners.com,A+,251.2,114.2,6' 1",185,057647be-0f22-48e7-860e-30604c7c314b,42.088655,-70.940035
55,female,Ms.,Lorine,E,Liddell,788 Oakridge Lane,Macon,GA,31206,US,United States,LorineELiddell@superrito.com,Coursef,zie1hooY,478-256-7049,Sanchez,8/10/1983,MasterCard,5282681731849241,812,5/2017,670-28-6186,1Z 890 V31 52 8215 977 9,Spray machine operator,Pleasures and Pasttimes,2005 Saturn LW,BracketBasics.com,B+,180.2,81.9,5' 5",165,d6866c88-492a-43da-bc2e-c43ae62d282a,32.87098,-83.597689
56,male,Mr.,Robert,A,Osborne,1352 Calico Drive,Spokane,WA,99201,US,United States,RobertAOsborne@armyspy.com,Wilkened,jeeWieR5w,509-694-9542,Mitchell,5/24/1934,MasterCard,5514883312682658,253,9/2016,534-10-8432,1Z 326 235 51 2367 817 8,Payroll and benefits specialist,Ruehl No. 925,2000 Mini MK VII,PostalCrime.com,AB+,143.2,65.1,5' 6",167,5dab3053-c121-42fe-92a0-9849e5dbad9e,47.649583,-117.440271
57,male,Mr.,John,T,Wade,1313 Garfield Road,Bloomington,IL,61704,US,United States,JohnTWade@teleworm.us,Frand1994,Eesuy1aeshe,309-665-6910,Taylor,8/1/1994,Visa,4556129857109208,180,11/2018,347-48-1867,1Z 8F9 84V 85 1815 110 0,Media director,Record & Tape Outlet,1996 Proton Persona,MapleFlower.com,B+,127.6,58.0,5' 4",163,b544e2f8-fc9c-4127-8251-616a61c19ef6,40.415046,-88.988414
58,female,Mrs.,Catrina,D,Canales,4052 Hickman Street,Naperville,IL,60540,US,United States,CatrinaDCanales@cuvox.de,Capost66,aeKa1Kai,630-420-6708,Hanner,1/2/1966,Visa,4532846715500844,351,3/2018,327-02-2610,1Z 894 838 42 7487 820 8,Drilling and boring machine tool setter,Price Club,2008 Nissan Titan,ScooterCollection.com,A+,115.1,52.3,5' 8",172,d8c90779-9532-482d-95ba-32736ea97d87,41.831093,-88.090018
59,female,Ms.,Priscilla,J,Gray,4170 Spruce Drive,Pittsburgh,PA,15203,US,United States,PriscillaJGray@teleworm.us,Saking,ooS6xuj2B,724-918-6140,Maldonado,3/28/1937,Visa,4556419669575146,666,9/2018,192-20-3704,1Z 694 384 54 7547 050 1,Timekeeper,King Carol,1996 Rover 800,LittleArticles.com,O+,121.0,55.0,5' 2",157,ce1757db-39e3-43f7-a222-e68177201825,40.332513,-80.023497
60,male,Mr.,Jose,K,Smith,4619 Rhapsody Street,Mount Dora,FL,32757,US,United States,JoseKSmith@cuvox.de,Thenand40,thie9Jaed,352-383-8326,King,3/13/1940,MasterCard,5171396000310866,606,4/2017,265-77-8103,1Z 079 496 34 4170 966 2,Clock repairer,Waccamaw Pottery,1993 Beijing BJ 212,RelayShow.com,A+,193.2,87.8,5' 10",179,19a01f24-bbcc-4199-aa50-79583c500816,28.76394,-81.686009
61,male,Mr.,Randy,M,Gamino,4123 Walnut Hill Drive,Cincinnati,OH,45214,US,United States,RandyMGamino@armyspy.com,Terent,equ0Iphang,513-305-7103,Preece,10/27/1965,MasterCard,5426497933292479,782,10/2014,297-03-0447,1Z 520 057 37 0926 664 9,Training coordinator,Independent Wealth Management,2012 SsangYong Chairman H,ExpressWeek.com,A+,240.2,109.2,5' 7",170,297a2952-f9d7-4959-9138-0a6a8336a3ed,39.164164,-84.477899
62,female,Mrs.,Ann,R,Ludwig,3193 Washburn Street,Baton Rouge,LA,70806,US,United States,AnnRLudwig@gustr.com,Spole1961,keiThahb0o,225-289-2255,Richmond,3/4/1961,MasterCard,5592138694667958,512,8/2017,660-03-1889,1Z E33 815 71 0088 090 0,Asset property manager,Monlinks,2011 Peugeot 508,CosmeticSeller.com,O+,156.9,71.3,5' 1",155,082803c6-4773-40f7-9f0c-199cc269153b,30.379621,-91.211948
63,male,Mr.,Robert,G,Herrmann,1787 Cottonwood Lane,Grand Rapids,MI,49546,US,United States,RobertGHerrmann@teleworm.us,Balt1987,Nieng8daiCe,616-350-9990,Stetler,7/20/1987,Visa,4485881564471638,120,4/2016,372-14-1058,1Z 94F 019 67 0477 687 6,Extruding forming pressing and compacting machine operator,Lazysize,2003 Volkswagen Phaeton,VegetarianPizzas.com,B+,154.4,70.2,5' 9",174,ff391a95-9cf7-48c7-92ee-b3759832558b,42.913672,-85.460181
64,male,Mr.,Charles,C,Arthur,4975 Biddie Lane,Richmond,VA,23225,US,United States,CharlesCArthur@teleworm.us,Goicerouth,aiNg9ohgh,804-532-4723,Harmon,5/24/1939,Visa,4532376390497793,842,1/2018,228-22-7470,1Z 37E 565 37 9086 361 4,Dinkey operator,Chargepal,2006 BMW 330,DatingOpportunities.com,O+,194.3,88.3,5' 8",173,4c57f7cb-bcc5-4be2-9879-ea364c6b56e5,37.594592,-77.438929
65,male,Mr.,Thomas,M,Ybarra,2769 Dog Hill Lane,Topeka,KS,66607,US,United States,ThomasMYbarra@gustr.com,Phost1993,QueiKuoRa0,785-713-2136,Lewis,4/18/1993,Visa,4916110821395342,415,5/2016,509-80-8045,1Z 9A1 A35 27 3141 349 1,Team assembler,Titania,1999 Honda Passport,OpenWeddings.com,B+,123.2,56.0,6' 2",187,1b74a035-ed11-4ebc-a1c4-20105f4ac95b,39.112115,-95.646914
66,male,Mr.,Joseph,K,Keller,4390 Bell Street,New York,NY,10007,US,United States,JosephKKeller@einrot.com,Derestle,joi0eiLae,212-267-0961,McKenny,11/18/1990,MasterCard,5404858923746657,612,5/2015,092-72-7640,1Z 78V 79F 58 2839 225 9,Piano tuner,Maxiserve ,2005 Saturn Vue,PaintballPoints.com,O+,223.3,101.5,5' 9",175,db4ec3e0-1130-421d-a045-4c8b50500777,40.661547,-73.939644
67,female,Ms.,Rita,J,Leslie,776 Hickory Street,Ogden,UT,84414,US,United States,RitaJLeslie@teleworm.us,Inctureniou,Aex1ahqu,801-786-2298,Chavers,12/18/1939,MasterCard,5292222249851607,881,2/2018,528-01-1040,1Z 409 049 84 4446 978 7,Fork lift driver,Rolling Thunder,1997 Kia Clarus,MemorabiliaSpot.com,O+,118.1,53.7,5' 4",163,5979a3e7-d897-488f-9bbc-ce345eeb0ba2,41.33942,-111.964192
68,male,Mr.,Charles,K,Siple,3031 Callison Lane,Newark,DE,19711,US,United States,CharlesKSiple@gustr.com,Fife1985,Ohqu2uithie,302-454-2754,Miles,3/23/1985,MasterCard,5191780544582047,158,2/2016,222-56-6134,1Z 38W 587 49 1803 906 5,En route controller,Specialty Restaurant Group,2010 Ford Fiesta,SkinPromotion.com,O+,190.7,86.7,5' 9",176,d441598d-d1a7-4066-8214-c585dd40c71c,39.814668,-75.717319
69,female,Ms.,April,T,Lynch,4106 Oak Way,Lincoln,NE,68501,US,United States,AprilTLynch@armyspy.com,Lopeat,yahm2Eitee,402-475-9091,Wakefield,8/29/1944,MasterCard,5417500558140203,682,4/2016,506-07-6330,1Z 494 781 89 6904 280 9,Upholsterer,Olympic Sports,1995 Jeep Cherokee,BuyDecisions.com,AB+,143.0,65.0,5' 4",163,36491020-e23e-40ee-b489-56ee827cf57d,40.765721,-96.60034
70,female,Ms.,Karen,R,Galindo,4205 Duff Avenue,Wallingford,VT,05773,US,United States,KarenRGalindo@gustr.com,Upprow1947,Hee8ieVeap,802-446-9581,Anthony,7/17/1947,Visa,4539681909563610,634,7/2016,009-05-9794,1Z 187 329 86 5131 640 5,Recreation worker,Sounds Great Inc,1995 Subaru Legacy,SyncTag.com,O+,167.6,76.2,5' 0",153,1d43ec32-f151-43f6-984a-4ea77b450f62,43.418614,-72.898727
71,male,Mr.,Nick,K,Guzman,520 Ingram Street,Kettering,OH,45429,US,United States,NickKGuzman@superrito.com,Oulk1985,teeR2Eisae,937-510-8654,Cantu,3/1/1985,Visa,4556690990961490,953,3/2016,287-10-7687,1Z F36 00E 62 9722 205 3,Education and development manager,Maxaprofit,1999 Toyota Paseo,BirthDisorders.com,O+,166.5,75.7,5' 9",174,cacb4aa5-56e4-4bc3-8e00-c275157be6a1,39.762394,-84.228536
72,male,Mr.,Edwin,L,Herman,3500 Norma Lane,Shreveport,LA,71101,US,United States,EdwinLHerman@superrito.com,Morget,OoJ2zish9oo,318-613-8044,Cote,7/17/1985,Visa,4929381499315913,108,9/2014,665-09-2086,1Z 12V 391 38 3280 885 2,Agricultural worker,L.L. Berger,2007 Chevrolet Spark,ClickFail.com,B+,196.2,89.2,5' 10",178,7d6cc0a5-99fe-412e-88f1-71cfe47e86c2,32.572036,-93.734467
73,male,Mr.,Marty,L,Stubblefield,1390 Brown Street,San Ramon,CA,94583,US,United States,MartyLStubblefield@gustr.com,Theut1971,Aongei7lahjai,925-904-5007,Smith,2/3/1971,Visa,4929909664629237,548,7/2017,612-36-9747,1Z 803 68Y 40 6106 624 1,Rotary drill operator,Wellby,1995 Chrysler Cirrus,DropChaser.com,A+,187.4,85.2,6' 2",187,2b6bcae1-8ff3-45cf-8c16-84f7f71be999,37.868404,-121.928059
74,female,Ms.,Hazel,J,Shingleton,3918 Karen Lane,Georgetown,KY,40324,US,United States,HazelJShingleton@gustr.com,Smand1948,ool8ep3Boh,502-863-9264,Cantrell,7/27/1948,Visa,4539874596770784,346,9/2017,403-42-6441,1Z 542 132 65 3470 414 2,Counter attendant,Red Owl,2003 Toyota Camry,FullDrag.com,A+,197.3,89.7,5' 8",172,0e9c5ce0-d840-436e-8948-f86e5ab9a4d2,38.28133,-84.524158
75,male,Mr.,Kenneth,H,Germany,1810 Station Street,Austin,TX,78741,US,United States,KennethHGermany@cuvox.de,Havocapiente67,beeCh5ae,512-225-1224,Ludwig,6/22/1967,Visa,4539121333859490,802,11/2017,464-31-6862,1Z F63 681 91 9639 331 6,Perioperative nurse,Price Club,2012 Rolls-Royce Phantom,BoiseTaxis.com,A+,241.3,109.7,5' 9",174,8d822711-0f8c-4e09-8702-3512b0dcdcd4,30.183848,-97.693354
76,female,Ms.,Joann,N,Turpin,2405 Ash Street,Palmer,TX,75152,US,United States,JoannNTurpin@armyspy.com,Hathouty,ia6Air2Mae,972-845-9601,Coats,7/23/1978,Visa,4532532717146766,652,4/2014,463-45-5963,1Z 1E1 5W4 51 5905 830 1,Computer forensic investigator,A+ Electronics,1999 Nissan Sunny,CourseVideo.com,A+,145.2,66.0,5' 9",174,b88d0991-1486-4027-a33f-9d22f936afc1,32.38271,-96.66404
77,male,Mr.,Alfredo,D,Rudd,2954 Carson Street,Lexington,KY,40507,US,United States,AlfredoDRudd@cuvox.de,Uselp1970,foqu2lieLie,859-248-1098,Vargo,3/5/1970,Visa,4916281962088382,450,1/2014,404-31-2804,1Z 50F 871 32 3650 572 0,Data coder operator,Star Bright Investment Group,2002 Nissan Quest,SalesPond.com,A+,151.6,68.9,5' 10",177,f45300dc-7ed4-48a9-9b71-f3357de32796,37.952689,-84.540673
78,female,Mrs.,Rita,R,Belton,2481 Railroad Street,Wakefield,MI,49968,US,United States,RitaRBelton@armyspy.com,Hinet1983,kohB1ki0A,906-224-8803,Manning,11/27/1983,MasterCard,5342704858733911,802,2/2015,367-42-8089,1Z A50 260 41 7861 007 7,Ticket clerk,Prestiga-Biz,2004 Suzuki Samurai,SensualRed.com,B+,216.9,98.6,5' 4",163,e24a146c-e700-4273-a663-d8302b758c1a,46.416914,-89.801862
79,female,Mrs.,Alicia,C,Birkholz,2677 Stutler Lane,State College,PA,16803,US,United States,AliciaCBirkholz@einrot.com,Woustravight,yahY3uvee,814-433-6100,Collins,11/29/1966,MasterCard,5569674299981930,538,5/2017,187-34-4383,1Z 129 5A6 75 0682 692 7,Electronic drafter,Muscle Factory,1993 Austin Montego,PanicExpert.com,B+,203.7,92.6,5' 3",159,25a5e6bb-5f9d-4ba8-b843-0f4d00951e63,40.851461,-77.839428
80,male,Mr.,Leo,M,Flores,1954 Modoc Alley,Afton,ID,83110,US,United States,LeoMFlores@cuvox.de,Tusly1988,ka5wumaiBah,208-225-2392,Weedman,7/24/1988,Visa,4532223247852079,241,2/2016,519-82-2787,1Z 0Y0 Y44 44 8494 575 8,Business office manager,Dubrow's Cafeteria,2010 Bentley Continental Supersports,WikiBlast.com,O+,224.2,101.9,5' 6",168,394c30eb-85af-466f-9e13-40232a5669c8,42.760203,-110.821846
81,male,Mr.,Allan,D,Dickens,3383 Mapleview Drive,Camden,TN,38320,US,United States,AllanDDickens@einrot.com,Thatrated,Jie3iph3th,731-279-9632,Brown,3/8/1977,MasterCard,5154022129753163,284,2/2014,408-14-4137,1Z 859 W78 38 2200 533 7,Model,Gas Legion,2000 Toyota Echo,TennisAnalyst.com,B+,241.8,109.9,5' 7",169,5fbdee34-8498-42cf-a808-3441861f8c50,36.043331,-88.198712
82,male,Mr.,Timothy,O,Jaffe,27 Bloomfield Way,Portland,ME,04101,US,United States,TimothyOJaffe@cuvox.de,Oneve1966,teSu2uu9,207-653-1197,McIntyre,5/17/1966,Visa,4539462758659076,293,5/2015,006-22-5383,1Z 371 256 44 6849 744 5,Vascular sonographer,Dun Rite Lawn Care,1994 Mazda Millenia,MatrimonyClub.com,B+,208.3,94.7,5' 11",181,77541a04-e9d7-4962-b253-15dd6fa65497,43.635024,-70.332533
83,male,Mr.,Edward,L,Hall,1293 Deer Ridge Drive,Newark,NJ,07102,US,United States,EdwardLHall@superrito.com,Thak1932,choh3sooQu,973-549-8659,Smith,8/16/1932,MasterCard,5588019510597494,617,9/2016,147-70-2994,1Z 315 W85 25 4427 147 4,Hearing officer,Megatronic Plus,2006 Volvo XC90,LimitBuy.com,A+,203.1,92.3,5' 6",167,1577efb9-e071-44a4-b5c9-c3137b01956f,40.788493,-74.155095
84,male,Mr.,Gregorio,J,Gardner,3784 Brooklyn Street,Broadway,VA,22815,US,United States,GregorioJGardner@cuvox.de,Cown1993,ohX4Geegh,540-901-2988,Smith,1/12/1993,MasterCard,5286312706871905,907,5/2015,226-11-9833,1Z 548 E54 99 3277 268 5,Budget manager,Endicott Shoes,2007 Mazda MX-5 Miata,StraightShop.com,B+,221.1,100.5,5' 11",181,289e35b2-d6b2-4928-8d2a-e4b95f115fe9,38.71865,-78.891399
85,female,Ms.,Ladonna,R,Furr,369 New Creek Road,Huntsville,AL,35816,US,United States,LadonnaRFurr@dayrep.com,Petry1947,oozeich8Ah,256-841-2403,Brown,6/17/1947,Visa,4485827405732811,263,10/2016,417-53-4535,1Z W16 778 21 8738 781 0,Cost consultant,DGS HomeSource,2005 Citroen C,DiscDash.com,AB+,196.2,89.2,5' 7",169,a3acc4ec-79ce-4dc8-8539-2cbaa71d1391,34.733735,-86.57773
86,female,Mrs.,Ann,T,Walker,49 Metz Lane,San Diego,CA,92103,US,United States,AnnTWalker@teleworm.us,Guaraction,Nauri7Kahnga,858-205-4877,Walters,8/20/1932,MasterCard,5215562198353384,369,11/2018,570-03-2973,1Z Y11 615 59 6005 505 9,Hotel desk clerk,Richman Brothers,2000 Renault Grand Espace,WoodSock.com,O+,108.0,49.1,5' 1",156,6d0959c2-3bca-4f55-b02e-0adaf6fe8913,32.730666,-117.208943
87,male,Mr.,Paul,T,Corbin,4949 Mill Street,Greenville,SC,29601,US,United States,PaulTCorbin@teleworm.us,Htiquous1978,poosuDah9i,864-201-6834,Rivera,12/19/1978,Visa,4916394333470302,897,11/2017,249-69-8643,1Z 8W1 123 26 0326 433 5,Sewing machine operator,Honest Air Group,2007 Mercedes-Benz G,PreviewDomains.com,O+,230.8,104.9,6' 3",190,0619168b-31be-4e53-b627-dfd8dffdfe16,34.929353,-82.372244
88,male,Mr.,Clinton,R,Ahner,2557 Worley Avenue,Altavista,VA,24517,US,United States,ClintonRAhner@teleworm.us,Tince1955,ooJah6iel6g,434-309-3577,Kelley,10/26/1955,Visa,4929715538217491,734,5/2018,225-71-1779,1Z 225 063 22 5993 102 4,Administrative office specialist,McDade's,1996 Toyota Cresta,EgoNews.com,O+,200.6,91.2,5' 10",178,afc6517f-6b79-4d8f-9341-78a70a7f9094,37.228439,-79.254027
89,male,Mr.,Robert,M,Rothstein,2995 Valley View Drive,Quincy,MA,02169,US,United States,RobertMRothstein@einrot.com,Sonvermis,iaY9thohx4Ai,617-689-5924,Jeffries,2/10/1973,MasterCard,5451972560023296,235,7/2016,025-22-1387,1Z 013 869 48 4664 641 2,Social psychologist,Cloth World,1998 Pontiac Trans Sport,RotaryShow.com,O+,174.7,79.4,6' 1",186,9c3608e2-73cd-4395-a73f-cb89e6528b4d,42.175243,-71.030053
90,female,Ms.,Elvira,J,Gupton,4253 West Fork Drive,Boca Raton,FL,33487,US,United States,ElviraJGupton@gustr.com,Suromile,seeYu1lee,954-460-7755,Murphy,2/25/1957,Visa,4916551562331360,691,12/2018,262-84-6779,1Z 4E5 762 84 4484 273 6,Recreation worker,Golden's Distributors,2003 Toyota Allion,SoccerTowels.com,AB+,229.0,104.1,5' 7",169,adc462b4-6e66-41ab-81b8-5c62db3c59d2,26.357429,-80.175206
91,female,Mrs.,Christina,J,Thomas,388 Sycamore Lake Road,Horicon,WI,53032,US,United States,ChristinaJThomas@gustr.com,Shuman,coh6iCh4,920-485-9825,Dietz,11/14/1994,MasterCard,5140919129088200,881,5/2016,391-09-9693,1Z Y37 A21 72 6872 924 9,Coil winder,DGS VolMAX,2005 Maserati Coupe,BeverageMobile.com,B+,147.2,66.9,5' 6",167,e20ebea9-64f8-4226-89b6-8f99707f4de0,43.494413,-88.647797
92,male,Mr.,Richard,E,Ryan,2015 Archwood Avenue,Cheyenne,WY,82003,US,United States,RichardERyan@gustr.com,Easer1966,aceeM2eiMa7ch,307-840-3701,Wells,3/3/1966,MasterCard,5136559460477384,114,9/2016,520-23-0274,1Z 15Y 544 92 5605 799 5,Hairdresser,Jafco,2004 Ford Galaxy,MommyApproved.com,B+,246.4,112.0,5' 8",172,8e454a64-2751-455d-840a-dc416686ee76,41.194436,-104.886337
93,female,Ms.,Amy,A,Giles,3571 Bell Street,New York,NY,10007,US,United States,AmyAGiles@teleworm.us,Pultooper,Xu0oRa1Uung,212-236-8563,Lehto,10/9/1940,Visa,4532692853434325,170,4/2018,120-90-8225,1Z V71 300 43 9149 761 6,Cardiographic technician,Big Bear Stores,2009 Honda CR-V,GreenHealthInsurance.com,A-,197.6,89.8,5' 5",164,45f99377-1a2d-4918-8a3b-06bccba5ff5f,40.665099,-74.073211
94,male,Mr.,Jacob,E,Anderson,2488 Clifford Street,Concord,CA,94520,US,United States,JacobEAnderson@cuvox.de,Thalle,Omahhiew5,510-610-0505,Jackman,3/29/1941,MasterCard,5490495921572804,299,11/2017,602-72-0276,1Z 0F8 071 50 0053 068 6,Bartender helper,Earthworks Garden Kare,2009 Volkswagen Citi,ErrorElimination.com,B+,210.8,95.8,5' 5",165,68f13152-d500-4a67-b77a-9b406cf99fa4,37.933582,-122.118643
95,female,Mrs.,Myrtle,M,Reed,4304 Glen Street,Louisville,KY,40299,US,United States,MyrtleMReed@gustr.com,Liting1957,VoaTe8kohqu6,270-300-0013,Abdo,9/6/1957,MasterCard,5346482623487404,610,6/2017,407-64-4227,1Z 046 625 20 3796 955 2,Training assistant,David Weis,2011 Daihatsu Cuore,RipApart.com,A+,150.9,68.6,5' 5",165,9502eb2a-cd5c-46f3-a811-cc87944ac816,38.195987,-85.619982
96,female,Mrs.,Sharon,M,Herzig,2387 Oak Way,Pilger,NE,68768,US,United States,SharonMHerzig@armyspy.com,Shunnothe,Kei0xat3s,402-396-6208,Bickham,3/21/1993,Visa,4929302024291049,725,3/2015,505-62-9069,1Z A79 465 90 0409 012 7,Agricultural product grader,Mr. D's IGA,2011 Renault Koleos,MommyDigest.com,O+,109.8,49.9,5' 4",162,ba308cd5-e14f-49a1-a57a-27f4ead41546,41.920061,-97.076045
97,male,Mr.,Albert,E,Clark,4556 Yorkie Lane,Tybee Island,GA,31328,US,United States,AlbertEClark@einrot.com,Trignis,rae4aMai,912-786-0311,Hacker,12/6/1942,Visa,4916572261266988,184,10/2016,670-12-6992,1Z 278 278 54 4765 746 4,Vocational nurse,Acuserv,2005 BMW 740,OTCFunding.com,A+,211.4,96.1,5' 10",179,e1bb5db8-1fb1-4ea1-8b2d-cda0907f7e09,32.038809,-80.922248
98,female,Ms.,Natalie,E,Martin,906 Ryder Avenue,Everett,WA,98208,US,United States,NatalieEMartin@teleworm.us,Ainge1933,EeY0Aifi2p,425-349-5405,Davis,2/16/1933,Visa,4929672601467208,619,10/2016,539-02-8290,1Z 01Y 989 54 0184 535 5,Administrative lead,Sanitary Grocery Stores,1999 Chevrolet Impala,GasAdvisors.com,A-,214.5,97.5,5' 5",164,fa60dd1f-0e4d-4253-8071-9c5f9bdf1d1a,47.993074,-122.187335
99,female,Dr.,Sally,M,Sisco,1802 Point Street,Buffalo Grove,IL,60089,US,United States,SallyMSisco@cuvox.de,Thoughty,yeeth1Iex9,773-908-5915,Manley,7/15/1933,Visa,4916441513666173,929,4/2014,332-03-4421,1Z 718 07V 16 9664 027 2,Consultant dietitian,Body Toning,2009 Toyota iQ,FavoriteNewspaper.com,AB+,226.2,102.8,5' 4",163,3ca95d1d-df25-4a11-8a30-32f24975e80d,42.132177,-87.875392
100,female,Ms.,Becky,P,Slagle,2702 Petunia Way,Birmingham,AL,35206,US,United States,BeckyPSlagle@armyspy.com,Rines1944,eep3Oagaiwah,205-836-7404,Bechtold,12/21/1944,Visa,4532658093684458,308,8/2017,423-62-4387,1Z 654 E61 53 7129 913 2,Court municipal and license clerk,Yardbirds Home Center,1998 Subaru Vivio,RestaurantSuggest.com,O-,190.1,86.4,5' 0",152,94294748-0c67-4869-bff5-9f5a04d07b04,33.614722,-86.745007
