Number,Gender,Title,GivenName,MiddleInitial,Surname,StreetAddress,City,State,ZipCode,Country,CountryFull,EmailAddress,Username,Password,TelephoneNumber,MothersMaiden,Birthday,CCType,CCNumber,CVV2,CCExpires,NationalID,UPS,Occupation,Company,Vehicle,Domain,BloodType,Pounds,Kilograms,FeetInches,Centimeters,GUID,Latitude,Longitude,Twitter
101,female,Ms.,Ramona,C,Venters,873 John Avenue,Jackson,MI,49201,US,United States,RamonaCVenters@gustr.com,Exhicand,Choo0ohvo,517-782-7343,Birch,1/29/1933,Visa,4539165193923660,569,8/2018,382-10-4362,1Z 015 9A5 37 5141 216 1,Employee placement specialist,Sure Save,1993 Chevrolet Suburban,SalesNames.com,O+,230.8,104.9,"5' 5""",164,d4937761-c76e-4bb6-afc0-b7c29bfe0f93,42.178342,-84.253927,@RamonaCVenters
102,female,Mrs.,Beverly,D,Linton,1968 Indiana Avenue,Makawao,HI,96768,US,United States,BeverlyDLinton@superrito.com,Equesions,Cheeph8ohph,808-572-3324,Padilla,10/7/1991,MasterCard,5275723855513430,656,6/2018,575-90-4978,1Z 345 400 20 3184 747 7,Taper,Handy Andy Home Improvement Center,2009 Hyundai Coupe,DCBrowser.com,O+,153.6,69.8,"5' 5""",165,71fd05b0-8f7e-42ee-a6eb-a8cc7cbb4c00,20.90661,-156.254028,@BeverlyDLinton
103,female,Mrs.,Aisha,E,Lechuga,3005 Woodhill Avenue,Laurel,MD,20707,US,United States,AishaELechuga@dayrep.com,Calluser41,et2MeijahS,410-794-7279,Newsome,6/13/1941,Visa,4556097803046490,757,6/2018,218-84-3308,1Z 103 5A8 71 1009 662 9,Process technician,Avant Garde Interior Designs,2004 Seat Inca Kombi,PoolFood.com,A+,175.3,79.7,"5' 2""",157,1ff241fd-0688-4ef2-99b3-8c310634a09f,39.132149,-76.78027,@AishaELechuga
104,male,Mr.,Clarence,N,Golden,4238 Hardesty Street,North Greenbush,NY,12144,US,United States,ClarenceNGolden@armyspy.com,Thints,fai1Koo1oh,518-441-4708,Olson,7/23/1948,Visa,4916460143560310,348,2/2018,079-64-6397,1Z 704 0Y1 85 6431 156 5,Community planner,H.C. Bohack,2000 Tata Safari,PhoneRecall.com,O+,245.7,111.7,"5' 11""",180,1b3f3379-9ddf-48a3-9042-43c101778928,42.57525,-73.644075,@ClarenceNGolden
105,male,Mr.,Stanley,G,Lyons,4936 Melody Lane,Richmond,VA,23224,US,United States,StanleyGLyons@armyspy.com,Waryin87,peiDeboo0,804-477-5590,Porterfield,12/21/1987,MasterCard,5165095349377280,538,4/2018,695-03-0059,1Z 404 57A 88 3517 185 3,Telephone station installer,Monk House Sales,1999 Saab 9-3,DroidNation.com,B+,158,71.8,"5' 11""",181,ff8e68fa-59c1-45bd-9f0c-11d94c8d880b,37.578317,-77.521611,@StanleyGLyons
106,female,Mrs.,Leonida,M,Dixon,3796 Meadow Lane,Oakland,CA,94612,US,United States,LeonidaMDixon@einrot.com,Seakelver1950,eeb3Zuxe7,707-348-9487,Landaverde,11/13/1950,MasterCard,5239606812325630,522,3/2014,554-93-8828,1Z 898 458 36 6643 234 7,Hospital attendant,Life's Gold,2004 Porsche Boxster,BizSection.com,B+,216.3,98.3,"5' 4""",162,13edee08-7a28-4421-ba3b-63a072839c5f,37.843691,-122.241496,@LeonidaMDixon
107,female,Mrs.,Lola,J,Hall,722 Pretty View Lane,San Francisco,CA,94107,US,United States,LolaJHall@einrot.com,Tromeen,Airo5uuR,707-947-4901,Miller,5/2/1990,MasterCard,5422566167198470,7,6/2015,561-81-5431,1Z F68 661 00 8115 812 7,Executive assistant,Leo's Stereo,2007 Volkswagen Eos,MediaOfficial.com,O+,116.2,52.8,"5' 7""",171,3368f312-40f3-4cec-a278-bf89550bec47,37.854739,-122.48607,@LolaJHall
108,female,Ms.,Darlene,V,Ramos,1877 Austin Avenue,Savannah,GA,31401,US,United States,DarleneVRamos@armyspy.com,Incents,ohP9ahngai,912-342-9593,Pope,7/9/1989,Visa,4556988524662810,980,5/2016,255-53-5960,1Z Y61 418 29 5376 238 0,Earth driller,Modern Architecture Design,1995 Mercedes-Benz SL,BizBates.com,B+,103.4,47,"5' 3""",160,a48df10e-3e80-469b-9a71-d5c41195c2ba,32.023821,-81.027062,@DarleneVRamos
109,female,Ms.,Jerry,N,Martin,818 Farm Meadow Drive,Phoenix,AZ,85034,US,United States,JerryNMartin@dayrep.com,Capsery1936,Yinga8eed,928-862-3347,Bradshaw,12/25/1936,Visa,4532663387910920,640,9/2016,526-80-1815,1Z 29W 275 73 7156 973 7,Veterinarian,Allied Radio,2010 Seat Leon,FremontInsuranceAgent.com,B+,110.7,50.3,"5' 5""",165,5a73e3c5-c1dc-4828-8417-74f01c83745e,33.496142,-112.075357,@JerryNMartin
110,male,Mr.,Michael,M,Williams,2113 Irish Lane,Janesville,WI,53545,US,United States,MichaelMWilliams@cuvox.de,Rany1983,Uphoi5rah,608-743-3485,Lee,5/16/1983,Visa,4556171786503380,841,12/2016,399-56-1084,1Z 512 451 79 0408 235 4,Pipefitter,Ruehl No. 925,2001 Chevrolet Suburban,BikeAppraisals.com,O+,244,110.9,"5' 7""",171,5451e1a4-1797-41bb-b94d-f158c4cf75fb,42.693751,-89.128973,@MichaelMWilliams
111,male,Mr.,Marshall,M,Tacker,3047 Fannie Street,Eagle Lake,TX,77434,US,United States,MarshallMTacker@armyspy.com,Subjecould,dei5vauPhi,979-234-6303,Hutchison,1/17/1949,Visa,4485816229073220,181,8/2017,639-50-9288,1Z E25 A05 76 2543 281 7,Employment recruiter,Ole's,2012 Chevrolet Traverse,SharkStatistics.com,O+,211.2,96,"6' 1""",185,1beab7ba-8737-4901-ae43-77cafa2f0d00,29.504648,-96.266364,@MarshallMTacker
112,male,Mr.,Phillip,A,Baker,1773 Scott Street,Poughkeepsie,NY,12601,US,United States,PhillipABaker@armyspy.com,Actiumad,siedu0Wais8Sah,845-508-9364,Bennett,11/17/1964,MasterCard,5351437878941140,335,6/2015,067-80-5753,1Z 709 319 01 9097 902 7,Mail handler,Gov Mart,2006 Chevrolet Kalos,TornadoCameras.com,A+,231.4,105.2,"6' 0""",182,bd8ec66e-f887-4281-90dc-cd87bcbaae46,41.758636,-73.981143,@PhillipABaker
113,male,Mr.,David,R,Stringham,166 Wildwood Street,Akron,OH,44333,US,United States,DavidRStringham@armyspy.com,Awar1947,theiD5lie,330-668-8830,Elliott,9/10/1947,MasterCard,5101705458416720,334,8/2014,283-82-8668,1Z 820 642 62 1370 744 8,Secondary school teacher,Casa Bonita,2003 Volkswagen Sharan,CelebrityMortgages.com,B+,235.2,106.9,"5' 8""",172,e1d4c0fc-0fc1-4fa5-b2b6-4b8dde444d9b,41.146971,-81.560429,@DavidRStringham
114,female,Ms.,Aubrey,H,Tingley,1076 Romrog Way,Curtis,NE,69025,US,United States,AubreyHTingley@cuvox.de,Cuposer,chei0Maetoi,308-366-0524,Gaulke,2/2/1976,Visa,4485669018177090,301,2/2018,505-68-4196,1Z 394 409 23 8239 474 1,Diesel service mechanic,Piccolo Mondo,1995 BMW 318,StrictlyPics.com,A+,155.1,70.5,"5' 4""",162,3af51404-a620-4df5-90c5-85b188b6441b,40.646544,-100.523139,@AubreyHTingley
115,female,Mrs.,Alejandrina,H,Ayer,4530 Blue Spruce Lane,Ellicott City,MD,21042,US,United States,AlejandrinaHAyer@teleworm.us,Samsexhadve74,ahkeYu3chea,410-313-0414,Thompson,6/19/1974,Visa,4485866009537290,973,8/2014,215-30-7766,1Z 562 2E7 82 9061 724 9,Recreation worker,Harvest Foods,2003 Ford Crown Victoria,PhysicalCard.com,B+,218.5,99.3,"5' 5""",164,13ed95bd-73a8-4429-93d7-9aba393cbbad,39.198061,-76.976408,@AlejandrinaHAyer
116,male,Mr.,John,J,Wright,984 Filbert Street,Palmerton,PA,18071,US,United States,JohnJWright@einrot.com,Favy1931,angoosooG5ei,610-826-6577,Rojas,10/11/1931,MasterCard,5273267040031800,922,2/2017,169-44-9880,1Z 23F E23 90 1695 675 8,Dinkey operator,Musicland,2003 Smart Roadster,CollectibleTies.com,O+,197.6,89.8,"5' 4""",162,10c70bb7-2cca-497a-9edc-7d5823b30df6,40.788589,-75.594426,@JohnJWright
117,female,Ms.,Saundra,V,Hoots,4344 Copperhead Road,Farmington,CT,6032,US,United States,SaundraVHoots@cuvox.de,Useen1985,Shai1aiph,860-677-3172,Munoz,9/11/1985,Visa,4539620765860160,346,1/2016,041-30-4272,1Z Y91 0W5 39 6930 569 1,Pesticide sprayer,Monsource,2000 Ferrari Maranello,MobileBuff.com,A+,181.5,82.5,"5' 2""",157,723bb9e8-27a9-4b6a-835b-ad2f1b2a271f,41.734378,-72.912524,@SaundraVHoots
118,male,Mr.,Avery,D,Viers,1758 Jessie Street,Athens,OH,45701,US,United States,AveryDViers@dayrep.com,Hasexce,eiNgeemea6,740-597-5172,Smith,4/5/1950,MasterCard,5554176008195250,721,12/2014,268-03-7549,1Z 176 0F7 39 2996 353 0,University professor,Formula Gray,2001 Lada 110,FactBuster.com,O+,240.5,109.3,"5' 9""",176,51bbc17c-8f24-4988-a95d-4270c2f32a3c,39.313274,-82.029259,@AveryDViers
119,male,Mr.,Kelly,L,Feinstein,2174 Rardin Drive,San Francisco,CA,94107,US,United States,KellyLFeinstein@teleworm.us,Wifirs,zooQuai2l,650-733-4527,Jarrett,1/10/1983,Visa,4539897145921020,796,9/2014,607-15-2430,1Z 28W 564 22 9394 819 5,Industrial relations manager,Super Shops,2000 Holden GTS-R,SolutionShow.com,O+,166.8,75.8,"6' 1""",186,b3201671-0fba-40af-aecc-95bd4f4db4cf,37.705705,-122.300253,@KellyLFeinstein
120,female,Ms.,Connie,J,Huang,668 Green Street,Nashville,TN,37211,US,United States,ConnieJHuang@einrot.com,Oron1992,ruYu8aquei,615-578-0662,McFarland,4/25/1992,MasterCard,5570354376302350,572,12/2015,411-87-0905,1Z 844 F68 36 3052 347 1,Furnace installer,Brendle's,1997 Volkswagen W12,MarathonParty.com,O-,158.2,71.9,"5' 7""",170,79130ba5-8794-4b3b-8907-42113f2f4fc6,36.153415,-86.653071,@ConnieJHuang
121,male,Mr.,Ron,L,Bennett,3646 Hanifan Lane,Atlanta,GA,30303,US,United States,RonLBennett@gustr.com,Tonve1953,teij9Ush,678-557-7183,Gibbs,1/27/1953,Visa,4485530107728780,788,9/2017,258-79-1063,1Z W26 750 12 1987 150 9,Nurse practitioner,Alexander's,2001 Nissan Pickup,ReserveWireless.com,B+,192.7,87.6,"5' 10""",177,f15b9454-4ff8-4d49-a78e-0e75a8279901,33.722964,-84.356423,@RonLBennett
122,male,Mr.,Glenn,C,Poole,3614 Elkview Drive,Roswell,GA,30075,US,United States,GlennCPoole@cuvox.de,Theards,iem6eesei9T,770-992-5718,West,8/8/1956,Visa,4929654221247380,593,9/2017,258-55-2210,1Z W91 166 15 9059 256 8,Administrative office assistant,Isaly's,2004 Mercedes-Benz SL,PhotoStatements.com,A-,206.6,93.9,"5' 10""",179,43222e52-d131-45c7-9f0c-037cafd46609,34.011681,-84.462195,@GlennCPoole
123,male,Dr.,Kenneth,M,Fowler,3142 Joanne Lane,Lexington,MA,2173,US,United States,KennethMFowler@dayrep.com,Inceire,hee7Ee6Ie,978-423-5919,Cady,12/18/1980,Visa,4539079097419610,776,3/2014,014-34-3138,1Z 369 24Y 37 1547 326 5,Computer hardware engineer,Gamma Gas,1998 Mahindra Armada,DollarMenus.com,O+,243.1,110.5,"6' 0""",183,787d803d-f838-40c1-be2b-6e9d66c6020e,42.504338,-71.213529,@KennethMFowler
124,male,Mr.,George,J,Moreno,666 Cantebury Drive,New York,NY,10003,US,United States,GeorgeJMoreno@cuvox.de,Younchants1936,zeeBohkai4ie,646-602-2074,Miller,7/22/1936,MasterCard,5587382591779540,407,11/2015,051-22-2054,1Z 767 366 48 1652 412 2,Organic chemist,County Market,2012 Renault Koleos,HospitalVisitor.com,A+,141,64.1,"5' 5""",164,38abbb2f-a32f-416c-9bae-0c224b0c0aa6,40.784758,-73.959418,@GeorgeJMoreno
125,male,Mr.,Chris,J,Heavener,3244 Pinewood Avenue,Iron Mountain,MI,49801,US,United States,ChrisJHeavener@superrito.com,Mishated,rooP4quei4,906-774-7957,Roberts,12/8/1949,MasterCard,5445269694363930,522,11/2014,379-10-0377,1Z 6Y8 903 95 5099 793 8,Paving equipment operator,Cherry & Webb,2009 BMW 630,CreditShares.com,A+,219.1,99.6,"5' 6""",167,72bc1234-5212-498c-97cb-bccee589bfcc,45.950474,-88.089037,@ChrisJHeavener
126,female,Mrs.,Mei,F,Bell,3976 Cityview Drive,Philadelphia,PA,19108,US,United States,MeiFBell@armyspy.com,Prough,OY8abae4,610-453-4749,Liddell,3/2/1987,Visa,4916450578597010,907,7/2014,166-74-1111,1Z 719 211 17 3370 634 0,Campaign manager,Mansmann's Department Store,2003 Chevrolet Suburban,MobileLobby.com,AB+,217.1,98.7,"5' 6""",167,10173aa4-ec1d-4937-98ce-1ae42484e443,39.93098,-75.192348,@MeiFBell
127,female,Mrs.,Joy,R,Avey,3463 Whitetail Lane,Farmers Branch,TX,75244,US,United States,JoyRAvey@gustr.com,Beizad,chaecah5Id,469-446-1959,Ridley,11/4/1952,Visa,4485161117799240,325,12/2017,455-92-9230,1Z A79 194 82 1559 525 8,Religious activities and education director,Weenie Beenie,1998 Honda Prelude,FuelProduct.com,O+,163.5,74.3,"5' 3""",160,184ffd88-dcbd-4be7-9153-b12177dc2ac2,32.921465,-96.956805,@JoyRAvey
128,male,Mr.,Sam,K,Jacobson,2389 Rosewood Court,Cannon Falls,MN,55009,US,United States,SamKJacobson@cuvox.de,Foustion1965,eve2Aesh6,507-263-9822,Allen,3/3/1965,Visa,4929192490985910,767,12/2015,473-39-0232,1Z 25V 2A6 33 6504 991 5,Game warden,Allied Radio,2001 Seat Ibiza,PlaneMagazine.com,B+,164.3,74.7,"5' 10""",178,94ec8fe9-3146-4217-8e39-2d2dafcfc78e,44.42186,-92.884013,@SamKJacobson
129,male,Mr.,Scotty,T,Williams,2819 Saint Marys Avenue,Ontario,NY,14519,US,United States,ScottyTWilliams@armyspy.com,Scatinstund,biThu7eezae,315-791-1273,Finkelstein,5/31/1960,MasterCard,5576686462000740,520,3/2018,111-38-6074,1Z 385 815 32 2011 154 7,Government auditor,Harmony House,1992 Holden Statesman,UEarly.com,O+,180.8,82.2,"5' 8""",173,2e14b1d3-4a51-4afd-8ee8-3ed3c30a7da5,43.244759,-77.406909,@ScottyTWilliams
130,male,Mr.,Paul,M,Williams,1319 Ridenour Street,Miami,FL,33169,US,United States,PaulMWilliams@armyspy.com,Dinen1956,aiDahd1ao,786-217-4707,Drew,2/27/1956,MasterCard,5573290285585260,973,8/2016,594-05-5702,1Z 845 94E 01 1625 034 1,Color printer operator,Fireball,2010 Dodge Nitro,SplashJet.com,O+,240.7,109.4,"5' 7""",170,0893a8c6-36a3-40f7-8ac1-e096ce29a00e,26.02343,-80.160465,@PaulMWilliams
131,female,Mrs.,Angela,R,Sullivan,1809 Nancy Street,Fayetteville,NC,28301,US,United States,AngelaRSullivan@dayrep.com,Offiesill,Oc2fohQuus7,919-628-3623,Durham,5/13/1932,Visa,4485806264674580,34,3/2015,244-27-0687,1Z 502 717 57 5048 296 3,Independent insurance agent,Master Builder Design Services,2006 Land Rover Defender,TanPlex.com,O+,123.2,56,"5' 4""",162,2ef3d590-4a11-474b-96d5-d9630cdde593,34.9909,-78.665248,@AngelaRSullivan
132,male,Mr.,Gerald,M,Dickson,749 Johnson Street,Chapel Hill,NC,27514,US,United States,GeraldMDickson@dayrep.com,Wargiry,ahph1Jah4u,919-918-1714,Cass,3/1/1986,Visa,4716043543426780,440,1/2014,684-07-7519,1Z 816 2A9 73 7170 054 1,Nuclear engineer,Kent's,2009 Cadillac STS,DailyBranding.com,B+,160.6,73,"5' 7""",171,e6d80358-7787-48b3-bd06-2c194853f1e7,36.00811,-79.123702,@GeraldMDickson
133,male,Mr.,James,P,Landers,2506 Armory Road,Clinton,NC,28328,US,United States,JamesPLanders@armyspy.com,Harmal,Aj5riekahgo,910-770-9457,Collins,5/15/1987,Visa,4556388965093940,264,7/2017,684-07-7449,1Z Y47 1W7 99 6964 279 5,Upholsterer,Casa Bonita,1998 Mitsubishi Diamante,MetropolitanBlog.com,AB+,173.4,78.8,"5' 9""",175,6c3938c7-4261-4fac-9783-233e4f7a4436,34.975984,-78.408594,@JamesPLanders
134,male,Mr.,Joe,L,Hale,1484 Flinderation Road,Chicago,IL,60601,US,United States,JoeLHale@teleworm.us,Sculithe,eng4Aib6dei,708-326-3396,Poore,8/19/1991,Visa,4532535948372670,988,10/2018,338-24-5552,1Z 2W9 450 28 3466 607 1,Motorboat mechanic,Formula Grey,2004 Kia Spectra,MartiniMobile.com,B+,219.8,99.9,"5' 7""",169,f7e5a2db-e7b1-447b-922d-ae14414f26e7,41.903741,-87.554478,@JoeLHale
135,female,Mrs.,Faye,R,Church,1966 Joyce Street,Rocky Mount,NC,27801,US,United States,FayeRChurch@einrot.com,Crinsonast,teeveiX7ne,252-200-2298,Harris,4/19/1946,MasterCard,5397505260802700,722,7/2015,237-98-4502,1Z Y14 4E7 02 0683 122 6,Genetics nurse,Service Merchandise,1999 Renault Megane,BlankWallpaper.com,B+,152.9,69.5,"5' 0""",153,6504463c-018a-4c38-a9f6-a47898cd8b30,36.007371,-77.635361,@FayeRChurch
136,male,Mr.,Michael,N,Johnson,3537 Isaacs Creek Road,Jacksonville,IL,62650,US,United States,MichaelNJohnson@teleworm.us,Suptand,Iexohl6oo,217-401-8159,Mysliwiec,8/18/1951,MasterCard,5535736531885000,841,2/2017,322-72-4057,1Z 333 495 63 4334 830 4,Food batchmaker,Showbiz Pizza Place,2012 Chrysler 300,DutchAnime.com,B+,243.3,110.6,"6' 0""",182,f032d206-4ab6-4467-9063-2e83b324914f,39.687046,-90.307587,@MichaelNJohnson
137,female,Ms.,Elaine,W,Parham,3257 Haven Lane,Kalamazoo,MI,49007,US,United States,ElaineWParham@teleworm.us,Hearring,Eiqu0Quae,517-677-0691,Flanigan,1/11/1946,Visa,4916308013212880,670,2/2015,370-86-7386,1Z 969 Y36 64 5997 780 7,Piano tuner,Boston Sea Party,2006 Buick Terraza,DomainShuffle.com,O+,194.5,88.4,"5' 0""",152,b50c92be-59b0-4e20-bcb6-ce148da82331,42.223601,-85.68125,@ElaineWParham
138,female,Ms.,Lettie,J,Rainville,3917 Bassel Street,New Orleans,LA,70112,US,United States,LettieJRainville@superrito.com,Foriz1941,Phi4Ejueph,985-509-3817,Madsen,1/9/1941,Visa,4485436144292990,800,4/2014,665-07-6058,1Z W53 155 01 0270 987 8,Unclaimed property officer,MVP Sports,2011 Chrysler Town & Country,AwesomeIntro.com,A+,113.5,51.6,"4' 11""",151,876507a1-d3cb-4539-91f9-19b49296a152,29.997076,-90.096271,@LettieJRainville
139,female,Ms.,Deborah,P,Williams,4691 Golden Ridge Road,Clifton Park,NY,12148,US,United States,DeborahPWilliams@superrito.com,Impatentownd31,iShoch0oh,518-348-5353,Sanders,4/23/1931,MasterCard,5206041197343940,501,11/2014,119-48-9622,1Z 979 66W 55 1011 727 5,Farm equipment mechanic,Allied City Stores,1994 Chevrolet Suburban,VoiceZap.com,A+,195.6,88.9,"5' 7""",170,43e20cb0-3eaa-4c09-853f-eb1d1d6e8f2b,42.820764,-73.744688,@DeborahPWilliams
140,male,Mr.,Rodrigo,W,Deluca,3375 Cunningham Court,Flint,MI,48548,US,United States,RodrigoWDeluca@teleworm.us,Genswer,vo1aeveM2,248-664-3142,Silverman,7/19/1979,MasterCard,5553767302580790,738,3/2014,369-46-8621,1Z W00 192 24 7432 489 3,Job training specialist,Gamma Grays,2009 Land Rover LR3,DeluxeShows.com,A+,171.8,78.1,"5' 10""",179,ed22007b-4aa6-4248-8c9e-c2730cf3f82e,43.032202,-83.74903,@RodrigoWDeluca
141,male,Mr.,Jerome,A,Perry,1002 Melrose Street,West Richland,WA,99353,US,United States,JeromeAPerry@superrito.com,Fambeephyal,Xahy1ooghah,509-967-5559,Vallecillo,6/22/1971,MasterCard,5204666510411150,928,9/2018,532-14-4418,1Z 342 503 00 1615 055 5,Social worker,Electronic Geek,1994 BMW 740,CulturalCities.com,AB+,241.1,109.6,"6' 2""",187,bdad3213-8393-4872-904d-857fd03d0766,46.233123,-119.314565,@JeromeAPerry
142,female,Ms.,Hayley,L,Meaney,4197 Davis Place,Myrtle,MO,65778,US,United States,HayleyLMeaney@teleworm.us,Etwithe87,iox5eeV1k,417-938-3029,Seiler,3/20/1987,Visa,4539194492930060,392,1/2014,493-30-1881,1Z 49E 077 02 7040 734 1,Public works inspector,De-Jaiz Mens Clothing,2005 Ginetta G40,TurfRepairs.com,A+,128.5,58.4,"5' 5""",165,1c0f0ccd-9874-471a-a34f-eeefd83dfb0f,36.494866,-91.309041,@HayleyLMeaney
143,female,Ms.,Dorothy,M,Moore,1298 Glendale Avenue,Sherman Oaks,CA,91403,US,United States,DorothyMMoore@cuvox.de,Scole1949,aiLopaeZ8m,818-646-6121,Eaton,7/29/1949,Visa,4485132983823890,654,8/2014,615-60-7916,1Z 79W A58 13 2347 001 0,Elevator repairer,The Royal Canadian Pancake Houses,2010 Dodge Journey,GetPromotions.com,O+,128,58.2,"5' 6""",168,462acf71-1124-4fb0-887b-cee063db0e5a,34.240024,-118.452673,@DorothyMMoore
144,female,Mrs.,Tracy,G,Goodlow,2861 Catherine Drive,Minot,ND,58701,US,United States,TracyGGoodlow@cuvox.de,Nowitur,Heequao7m,701-240-4787,Monaco,12/27/1987,Visa,4532505760227250,940,11/2018,502-84-9070,1Z 524 9V0 68 7252 831 3,Surveying technician,Balanced Fortune,2003 Lancia Zeta,LeftTube.com,O+,165.4,75.2,"5' 1""",156,c825f729-8fa8-4646-ab48-7e78c3cfe7d3,48.075649,-101.324385,@TracyGGoodlow
145,female,Ms.,Donna,A,Sanders,2856 Stewart Street,Indianapolis,IN,46220,US,United States,DonnaASanders@superrito.com,Mainuld,Ootah1xee,317-722-4218,Chubb,7/24/1974,Visa,4532571467235970,362,7/2014,306-32-5023,1Z 917 600 61 7881 230 4,In home service professional,Strong Life,2011 Ford Transit Connect,WorthShow.com,A+,184.4,83.8,"5' 4""",163,ad6cd2d6-cc9e-45a5-a885-502f667339f9,39.807615,-86.115759,@DonnaASanders
146,male,Mr.,Richard,S,Alderson,2710 College Avenue,Dayton,OH,45402,US,United States,RichardSAlderson@dayrep.com,Willithe,kau5ieQu7AY,937-455-2486,Thompson,4/21/1962,MasterCard,5278359713110800,703,3/2016,293-68-9508,1Z W50 935 50 4199 169 0,Courier,Simply Save,2005 GMC Sonoma,AndrewJr.com,O-,213.8,97.2,"6' 1""",185,028f01cf-ee2b-4fc7-be54-24a18aef0f80,39.78024,-84.173192,@RichardSAlderson
147,male,Mr.,Bob,E,Baker,4252 Melville Street,Arlington,TN,38002,US,United States,BobEBaker@dayrep.com,Throureept,Ii1aequah,731-415-7808,Blackstone,10/17/1929,Visa,4532401583714260,574,5/2014,415-88-8266,1Z 24Y 192 08 3526 330 4,Analytical chemist,Wealth Zone Group,2012 Ford F-450,PollDaily.com,B+,135.7,61.7,"5' 8""",172,14340419-3e06-48b6-ac01-c9dc15d73e0d,35.369629,-89.689417,@BobEBaker
148,female,Ms.,Deborah,J,Archambault,4157 Main Street,Tukwila,WA,98168,US,United States,DeborahJArchambault@einrot.com,Themble,fooKeeY1ie,425-675-2248,Ping,7/7/1964,MasterCard,5400453664893370,84,4/2016,539-03-3510,1Z 769 892 55 2349 570 6,Log mover,Carter's Foods,1995 Rover MGF,BingoZine.com,B+,226.6,103,"5' 7""",170,8e20ea83-ba27-472c-8236-149e5338dbd3,47.512513,-122.269624,@DeborahJArchambault
149,male,Mr.,Todd,S,Sears,388 Dye Street,Chandler,AZ,85225,US,United States,ToddSSears@einrot.com,Evemper,ooYe6ceequ,480-726-7173,Coppola,7/13/1982,Visa,4485253941741790,526,1/2015,527-90-2730,1Z 750 720 29 2894 428 4,Applications programmer,Peter Reeves,2008 Ford Ranger,GameRelations.com,B+,138.6,63,"6' 0""",184,87e4fbf2-1e29-45cf-90bb-df1dc98f0fe1,33.35529,-111.879886,@ToddSSears
150,female,Ms.,Emma,W,Zellers,1557 Duncan Avenue,New York,NY,10011,US,United States,EmmaWZellers@dayrep.com,Rociefoldn,ifie9Ooduo,917-541-1762,Marro,12/2/1975,Visa,4539306720488220,372,8/2018,103-40-2800,1Z 495 793 33 4528 393 6,Education administrator,Dick Fischers,2007 Renault Laguna,CardTrek.com,A+,228.6,103.9,"5' 8""",173,e6db73b7-4d20-4440-9b44-436c556e4c62,40.75543,-74.038516,@EmmaWZellers
151,female,Ms.,Claudia,J,Howard,2885 Isaacs Creek Road,Champaign,IL,61820,US,United States,ClaudiaJHoward@cuvox.de,Cionery,aPh0ooth3,217-417-9298,Pierce,4/7/1964,Visa,4532417066936220,503,3/2016,320-16-7342,1Z 59E 857 87 0653 053 8,Clerical assistant,Team Designers and Associates,2007 Ford E-350,PromInformation.com,B-,116.4,52.9,"5' 7""",169,97f8fc18-67af-4d23-a87b-8dcb236422f1,40.177022,-88.296361,@ClaudiaJHoward
152,female,Ms.,Ruth,J,Chavez,2555 Ritter Avenue,Center Line,MI,48015,US,United States,RuthJChavez@einrot.com,Joically,Eev5iivuG,586-755-0517,Jones,10/19/1971,MasterCard,5238035747176540,137,1/2015,367-82-5235,1Z 869 W13 21 9248 097 7,Platemaker,Mr. AG's,2005 Marcos TSO,GlobalSensations.com,O+,211,95.9,"5' 8""",173,2191682a-6395-4834-b445-60df978b5ad6,42.382093,-83.026743,@RuthJChavez
153,male,Mr.,John,S,Watkins,2428 Cedarstone Drive,Galion,OH,44833,US,United States,JohnSWatkins@gustr.com,Dideet,Sahy9soosoo,419-468-8316,Johnson,10/15/1944,MasterCard,5144599763611180,968,3/2016,283-32-8365,1Z 36V 495 54 4890 926 4,Technical sales support worker,Pak and Save,2005 Kia Sportage,RetroTuxedo.com,O+,180.2,81.9,"5' 7""",171,5d917d58-9acf-404f-91c9-cc784ab621b3,40.754804,-82.822196,@JohnSWatkins
154,male,Mr.,Steven,I,Riding,3966 John Avenue,Lansing,MI,48933,US,United States,StevenIRiding@gustr.com,Examseaten,sho2EGhiez,517-927-8422,Hauer,1/25/1951,MasterCard,5205205858611330,652,12/2016,385-94-7279,1Z 320 6Y0 49 2753 501 5,Justice of the peace,Millenia Life,1997 Ford Galaxy,SkilledMechanic.com,B+,229.9,104.5,"5' 7""",169,43a45821-7229-4db6-a772-0fc96a3df253,42.770134,-84.458703,@StevenIRiding
155,male,Mr.,Ronald,B,Velazquez,3764 Wood Duck Drive,Marquette,MI,49855,US,United States,RonaldBVelazquez@superrito.com,Hily1951,Keeng2ieng,906-406-2616,Estes,4/8/1951,Visa,4916463702510400,874,11/2014,365-92-3432,1Z 439 1A7 04 6133 517 9,Tour guide,Integra Investment Service,2000 Ford Econoline,StartupMarkets.com,B+,230.8,104.9,"6' 1""",186,62086840-cf44-4f38-97dc-39aed6b848a4,46.567732,-87.466368,@RonaldBVelazquez
156,female,Mrs.,Terese,B,Beverly,3965 Hill Street,Grand Rapids,OH,43522,US,United States,TereseBBeverly@dayrep.com,Willon,jeishiu9P,419-832-3233,Milbourn,6/13/1992,Visa,4916842119583530,694,8/2015,301-02-0805,1Z 483 084 11 7792 372 4,Credentials specialist,Idea Infinity,2004 Saturn Vue,PatioCarts.com,O-,184.6,83.9,"5' 5""",164,5c54f29d-c48f-48ed-8db0-93e93e443f86,41.360018,-83.754446,@TereseBBeverly
157,male,Mr.,Richard,R,Lydon,2502 Wildwood Street,Akron,OH,44308,US,United States,RichardRLydon@dayrep.com,Yonson,uXe7ale8ni,330-768-4737,Vasquez,6/27/1987,Visa,4916274992381280,486,10/2015,280-14-2822,1Z 604 899 91 6218 531 9,Chemical engineer,Cougar Investment,2009 Mazda BT-50,LightingShadows.com,O+,241.1,109.6,"5' 7""",171,61a1ec5b-2ca3-462c-862d-b21f2c176b01,41.106631,-81.514436,@RichardRLydon
158,male,Mr.,Micheal,J,Mercado,4050 Chapel Street,Sugar Land,TX,77478,US,United States,MichealJMercado@armyspy.com,Theable,ahph1xie7Ei,281-623-5140,Davis,7/14/1989,Visa,4532257528831690,571,1/2018,467-24-7969,1Z 705 421 27 5285 829 1,Principal secretary,Perisolution,2005 Chrysler 300,MemphisGym.com,O+,236.7,107.6,"6' 2""",189,13bcf871-ce8a-45fe-bf11-969bfdfeb6a2,29.553023,-95.72705,@MichealJMercado
159,male,Mr.,Peter,T,Gonzalez,1603 Marigold Lane,Miami,FL,33179,US,United States,PeterTGonzalez@dayrep.com,Tardwilis,oNgee5eephoh,305-459-6683,Lolley,5/8/1973,MasterCard,5446564436977390,583,7/2014,267-91-5244,1Z 215 609 53 9576 129 2,Translator,Modern Architecture Design,2000 Seat Leon,GreaterNation.com,O+,161.5,73.4,"5' 9""",176,723a4dc6-2f1b-451f-b323-4b722b4b1e32,25.92442,-80.269237,@PeterTGonzalez
160,male,Mr.,Jimmy,A,Griffin,1984 Harron Drive,Baltimore,MD,21201,US,United States,JimmyAGriffin@gustr.com,Batouth1970,aeceis8aTh,443-507-6224,Barlett,12/26/1970,MasterCard,5276936367040760,752,3/2014,214-22-3105,1Z 949 644 23 2517 693 6,Trial lawyer,Grey Fade,1994 Buick Park Avenue,CheapBootlegs.com,O+,195.1,88.7,"6' 2""",188,5069d1b5-1352-42e2-b70c-07c92a2addc9,39.371596,-76.643665,@JimmyAGriffin
161,male,Mr.,Marion,L,Johnson,106 Green Street,Nashville,TN,37201,US,United States,MarionLJohnson@armyspy.com,Sistind1948,Aed2aeSoet9,615-535-9149,Almazan,11/10/1948,Visa,4532358299736760,408,3/2018,409-91-1652,1Z 174 F00 90 3529 830 5,Rodbuster,Dream Home Real Estate Service,2005 Maserati Quattroporte,IndianapolisPsychologists.com,O+,174.2,79.2,"5' 9""",174,d0be07e2-38e7-4e8d-811b-cbce86fe9559,36.124582,-86.865305,@MarionLJohnson
162,female,Mrs.,Billie,M,Goodyear,509 Mercer Street,Polonia,WI,54423,US,United States,BillieMGoodyear@einrot.com,Andnig1940,wai4Ahji,715-592-4801,Richards,3/17/1940,MasterCard,5416574086666980,300,4/2015,390-70-4210,1Z F02 E44 98 9520 782 6,Coin vending and amusement machine servicer repairer,Signa Air,2004 Ford Maverick,CampWeekly.com,AB+,193.8,88.1,"5' 3""",160,41cf0113-b65b-4e1c-a016-b20cecc221cb,44.595848,-89.353703,@BillieMGoodyear
163,male,Mr.,Hubert,L,Gay,4180 Junkins Avenue,Valdosta,GA,31601,US,United States,HubertLGay@superrito.com,Harosed1944,pie7ohDahsh,229-505-3624,Turbeville,3/17/1944,MasterCard,5491781733387000,589,5/2015,667-24-2401,1Z 598 350 40 2089 344 9,Pile driver operator,Albers Super Markets,2002 Audi Avantissimo,HandDroid.com,B+,213.2,96.9,"5' 6""",168,1bedc0c3-5fe6-482f-8c0c-25842bad803a,30.790731,-83.385017,@HubertLGay
164,male,Mr.,Randy,A,Collins,3979 Short Street,Cincinnati,OH,45202,US,United States,RandyACollins@gustr.com,Sulthen,eth2aGhu0,513-200-0509,Combs,10/18/1979,Visa,4916964838879670,347,9/2018,287-38-6549,1Z 30W 40W 25 6197 957 5,Wildlife biologist,Shoe Town,2005 SsangYong Musso,CrazyWishes.com,O+,201.3,91.5,"6' 0""",182,0e94238c-b877-49ed-bc3f-216217a9bf72,39.092693,-84.561351,@RandyACollins
165,male,Mr.,Sean,M,Waterfield,4219 Parkway Drive,Gilbert,AZ,85233,US,United States,SeanMWaterfield@cuvox.de,Cong1940,ooN0aeWooc,520-483-6772,Scruggs,4/13/1940,MasterCard,5242017122071120,914,12/2018,526-63-0413,1Z 399 116 97 9480 130 7,Service unit operator,Pantry Pride,2003 Volkswagen Sharan,CharmLessons.com,A+,158,71.8,"5' 5""",166,bd838df6-924a-4ee7-8efd-b5b8a9dfdac3,33.297451,-111.753909,@SeanMWaterfield
166,male,Mr.,James,A,Little,3470 Stratford Court,Durham,NC,27701,US,United States,JamesALittle@armyspy.com,Therld,letaNg8pa,919-688-1425,Holler,5/15/1952,MasterCard,5514656944277270,313,2/2014,243-99-4982,1Z V45 092 35 4194 074 5,Vending machine servicer,Maurice The Pants Man,1998 Ford Windstar,ScrapbookInsider.com,O+,225.1,102.3,"5' 8""",173,e41c10bb-8e53-4696-9e82-9d07f1131349,35.951604,-78.958507,@JamesALittle
167,male,Mr.,Jack,N,Holbrook,3960 Star Route,Tinley Park,IL,60477,US,United States,JackNHolbrook@dayrep.com,Govey1932,kong8IY0,708-614-8639,McQueen,4/6/1932,Visa,4532377680397170,635,4/2014,333-38-6513,1Z 942 269 94 1333 081 4,Streetcar operator,The Goose and Duck,1993 Xedos 6,GrandFlash.com,O+,206.6,93.9,"5' 6""",167,b78d05ee-cc14-422f-9040-3c946fc5a38e,41.545437,-87.706656,@JackNHolbrook
168,male,Mr.,Martin,R,Markham,4569 Westfall Avenue,Gallup,NM,87301,US,United States,MartinRMarkham@gustr.com,Yousight,Jai9odohRiph,505-979-1343,Sutton,9/29/1955,Visa,4916128626096070,572,12/2016,525-51-1234,1Z 684 965 78 1410 685 4,Defense attorney,Consumers Food and Drug,2011 BMW 328,TechnologyNewspaper.com,A+,230.8,104.9,"6' 0""",184,be317f94-d3a8-48bf-afb4-6f5942d00e12,35.504118,-108.886065,@MartinRMarkham
169,male,Mr.,Douglas,V,Andersen,1622 Friendship Lane,Oakland,CA,94607,US,United States,DouglasVAndersen@einrot.com,Swel1954,phoo9ae7Phoh,408-561-6870,Jones,7/8/1954,Visa,4716364984382410,275,7/2018,568-65-6217,1Z 677 534 87 3057 956 2,Network architect,Network Air,1998 Volvo V70,ScrapAssociation.com,B+,201.3,91.5,"5' 6""",168,f46bb964-d3c9-4d8e-aa91-a84741716a04,37.854367,-122.271694,@DouglasVAndersen
170,male,Mr.,Henry,M,Ellard,3873 Rinehart Road,Ft Lauderdale,FL,33311,US,United States,HenryMEllard@teleworm.us,Brimse,aeriBie1ph,786-351-6268,Boyer,8/6/1982,MasterCard,5413580485931220,641,4/2015,592-56-2967,1Z 666 877 48 2049 005 1,Infusion nurse,Kleinhans,2006 Subaru Forester,FabulousAgents.com,A+,165.7,75.3,"6' 3""",190,9eb1ddc8-941d-4a72-a0da-f833cf7420cc,26.046743,-80.201987,@HenryMEllard
171,male,Mr.,Paul,K,Clapp,2499 Richards Avenue,Stockton,CA,95202,US,United States,PaulKClapp@armyspy.com,Hodauld,hiaQuah4ae,209-817-1435,Harting,4/3/1988,Visa,4539923198616560,226,12/2014,620-53-4721,1Z 849 554 88 0499 135 8,Corporate administrative assistant,Matrix Architectural Service ,2001 TVR Cerbera,VirtualTerror.com,A+,226.8,103.1,"5' 10""",179,d41c142d-4bc1-48df-acb4-f22a941d9e85,38.002341,-121.334919,@PaulKClapp
172,female,Ms.,Jessica,J,Jeffrey,2164 Hamilton Drive,Port Arthur,TX,77640,US,United States,JessicaJJeffrey@teleworm.us,Whatumbigh,shai0ga6Gei3,409-971-7396,Baker,2/25/1991,Visa,4929214102968430,304,7/2014,629-04-0447,1Z 983 345 01 4143 209 4,Lobby attendant,Kragen Auto Parts,2008 Honda FR-V,GoldenMyth.com,A+,133.3,60.6,"5' 1""",154,11fff4fe-7b38-4e8f-82d2-4b4d09d1d84c,29.967199,-93.954614,@JessicaJJeffrey
173,male,Mr.,Herbert,H,Zelaya,3363 Hanifan Lane,Atlanta,GA,30328,US,United States,HerbertHZelaya@cuvox.de,Triedle,aif0aew2Mie3,678-578-0870,Garrett,8/17/1981,MasterCard,5117308982686860,352,12/2018,253-77-0947,1Z 838 987 89 3890 287 9,Bellhop,Pro Star,2001 Toyota Altezza,CheapestCity.com,B+,233.9,106.3,"6' 0""",182,59d2015a-1c79-4b7b-a9bb-7a8909e122eb,33.870932,-84.423848,@HerbertHZelaya
174,female,Mrs.,Suzanne,J,Stiles,1729 Bond Street,West Warwick,RI,2893,US,United States,SuzanneJStiles@superrito.com,Roomens,seem3ThieTie,401-828-2067,Ferguson,1/1/1946,Visa,4929875416838380,416,4/2016,039-52-1771,1Z 36W Y60 89 2609 757 1,Log sorter,Omni Superstore,2007 Hyundai Accent,WineJacket.com,B+,129.6,58.9,"5' 6""",167,6a3f1b75-c974-4511-bfdc-2b6aec7da51c,41.622529,-71.429168,@SuzanneJStiles
175,male,Mr.,Daniel,T,Peres,3193 Marion Drive,Tampa,FL,33637,US,United States,DanielTPeres@superrito.com,Cind1983,fi2Eitoh2m,813-425-5248,Hicks,5/28/1983,Visa,4916145485454860,888,9/2016,590-32-0867,1Z 187 F12 80 1139 588 4,Furnace kiln oven drier and kettle tender,Budget Power,2003 Peugeot 406,HDTVMall.com,A+,151.4,68.8,"6' 0""",183,bc0bd273-e9f1-49dd-8895-cf5870f5eb14,28.077733,-82.460741,@DanielTPeres
176,female,Mrs.,Eileen,K,Dyson,4755 Quiet Valley Lane,Calabasas,CA,91302,US,United States,EileenKDyson@teleworm.us,Pictura,eg4lohf9J,818-876-3647,Tutt,7/6/1968,MasterCard,5378377333125790,781,6/2015,545-37-4401,1Z 482 39A 72 6159 186 2,Engineering technician,Zantigo,1999 Mercury Cougar,NightlifeSpecials.com,A+,119,54.1,"5' 8""",172,713967e1-ce33-4c94-8c90-cd1d71e8d074,34.099226,-118.633124,@EileenKDyson
177,female,Ms.,Doris,S,Bilodeau,2316 C Street,Osterville,MA,2655,US,United States,DorisSBilodeau@armyspy.com,Owerew,ouNgoh6Qu,508-420-7533,Thomas,5/28/1964,MasterCard,5531316506896320,762,10/2015,026-38-5813,1Z Y15 138 76 8664 305 1,Therapeutic recreation specialist,Hanover Shoe,1997 Buick LeSabre,DomainRetrieve.com,B+,154.9,70.4,"5' 4""",163,19875d7f-0d11-43f0-8028-21abd1abc7ca,41.538139,-70.389059,@DorisSBilodeau
178,male,Mr.,Michael,L,Straka,475 Alexander Drive,Carrollton,TX,75006,US,United States,MichaelLStraka@gustr.com,Mucatinter,ya8ughaiPee,940-391-8042,Roy,6/10/1969,MasterCard,5268420484758040,32,3/2016,459-80-0501,1Z 25Y 809 35 0140 853 7,Outdoor power equipment mechanic,Stratacard,2009 Dodge Grand Caravan,GuaranteedDate.com,O-,232.8,105.8,"6' 2""",188,32ad09b2-7a28-4ab3-8ddd-26a65cf328d6,33.035256,-96.882837,@MichaelLStraka
179,female,Ms.,Grace,J,Ruis,3903 Archwood Avenue,Meeteetse,WY,82433,US,United States,GraceJRuis@armyspy.com,Thespothe,lah4Gau9,307-868-1270,Carmean,2/1/1991,MasterCard,5302077389842210,207,9/2016,520-07-8015,1Z 402 306 64 7489 533 8,Support service manager,Asian Plan,2003 Proton 400,InfraRadio.com,A+,207.9,94.5,"5' 2""",157,d557e49b-dfa0-4eaf-bc69-788f7f3c133d,44.240486,-109.052073,@GraceJRuis
180,male,Mr.,Shawn,L,Bryson,3434 Walkers Ridge Way,Arlington Heights,IL,60005,US,United States,ShawnLBryson@gustr.com,Affecen1948,leiVei6l,630-242-4645,Dillard,1/28/1948,Visa,4485596249732480,944,6/2015,333-18-6748,1Z 284 14A 42 5214 716 0,System operator,Matrix Interior Design,2007 Opel Astra,NewsJudge.com,A+,214.5,97.5,"6' 0""",184,17d4fac3-a23c-4369-8f5f-fe167ab07de2,42.127948,-88.079729,@ShawnLBryson
181,male,Mr.,Theodore,B,Knight,1739 Poe Lane,Shawnee,KS,66214,US,United States,TheodoreBKnight@armyspy.com,Sust1989,euSephohz4,913-644-7299,Garner,8/22/1989,Visa,4539045526226810,432,3/2017,514-70-2920,1Z 1A5 06F 80 6890 198 8,Job development specialist,Realty Depot,1999 Bugatti EB 18-3 Chiron,PlayingDumb.com,A+,153.6,69.8,"5' 7""",170,16c926d2-0819-4854-8d9d-839f1895a1cf,39.039118,-94.726105,@TheodoreBKnight
182,female,Dr.,Dee,R,Wright,1860 Seltice Way,Parma,ID,83660,US,United States,DeeRWright@armyspy.com,Bustell,OapaiSh9ro,208-674-6632,Winfree,5/22/1928,Visa,4929166762384430,39,2/2016,518-55-9916,1Z 891 108 29 2808 502 1,Automotive body and related repairer,Lawn N' Order Garden Care,2006 Nissan Bluebird,ClickArchives.com,B+,188.3,85.6,"5' 1""",155,8ebd8a28-92ee-46a2-9e9a-9b81e7aba263,43.749337,-116.955858,@DeeRWright
183,male,Mr.,Jay,E,Key,116 Atha Drive,Bakersfield,CA,93301,US,United States,JayEKey@einrot.com,Andamers81,ea9Idah1eic,661-695-4146,Burns,1/9/1981,Visa,4556300097031240,764,8/2014,570-84-0417,1Z 003 551 11 7986 890 5,Studio camera operator,On Cue,1993 Maserati Ghibli,WorldwideOrganization.com,A+,145.6,66.2,"6' 1""",186,ac18c55b-7e1d-48e5-b079-b01f0929b242,35.302687,-118.98847,@JayEKey
184,male,Mr.,Maurice,C,Sherman,4431 Dola Mine Road,Durham,NC,27701,US,United States,MauriceCSherman@cuvox.de,Auty1961,aida5Eo6co7,919-410-4924,Mikel,11/14/1961,MasterCard,5489949512841140,74,7/2016,689-05-0253,1Z 837 W83 80 3005 403 5,Plant scientist,Anderson-Little,1998 Nissan Pickup,TransportationAnalyst.com,B-,162.1,73.7,"6' 0""",182,0f9126a4-5787-4fab-96f9-a11d2ed042ae,35.903831,-78.984831,@MauriceCSherman
185,female,Ms.,Ema,I,Bade,864 Lowland Drive,Rockford,IL,61108,US,United States,EmaIBade@einrot.com,Decul1965,Te3iM3iCaeNg,815-399-3013,Rivers,3/2/1965,MasterCard,5482870139236730,366,10/2018,332-84-4354,1Z A61 78E 91 9306 130 6,Assignment editor,Buckeye Furniture,2007 Dodge Caravan,FindPure.com,A+,210.5,95.7,"5' 7""",170,65c8afc2-c7f6-4d9c-9d94-7378b6d08631,42.309763,-89.047182,@EmaIBade
186,female,Mrs.,Margie,G,Rupe,1429 Oak Lane,Kansas City,MO,64106,US,United States,MargieGRupe@superrito.com,Crepare76,ee3Chiev6ahy8s,660-675-0640,Howard,8/25/1976,MasterCard,5124154167317660,417,11/2018,494-74-3030,1Z W77 F60 57 2667 281 1,Psychiatric aide,Simple Solutions,2011 Chevrolet Optra,FinancialAdvisorNews.com,B+,162.1,73.7,"5' 6""",168,293d9fe2-26e8-4cc1-a030-c4cc533ec4b2,39.192555,-94.519852,@MargieGRupe
187,male,Mr.,David,A,Dimas,579 Steve Hunt Road,Fort Lauderdale,FL,33311,US,United States,DavidADimas@armyspy.com,Losed1950,Ahbooqu2Chee,305-710-3927,Johnson,7/11/1950,Visa,4556045338594210,209,5/2014,261-75-4646,1Z 547 971 36 0112 323 0,Human resources consultant,Mervyn's,2005 Fiat Stilo,NameDisc.com,B+,222,100.9,"5' 6""",167,7cbf7f09-e59e-4f13-8374-45ea7dc17c45,26.213425,-80.137968,@DavidADimas
188,male,Mr.,Sidney,M,Price,1178 Massachusetts Avenue,Washington,DC,20011,US,United States,SidneyMPrice@armyspy.com,Taked1988,OJeighohz9Y,202-829-9187,Chaisson,2/6/1988,MasterCard,5218727237700770,804,3/2015,579-41-3423,1Z 903 4Y8 54 9928 815 3,Industrial truck and tractor operator,DGS HomeSource,1997 Porsche 993,PalmSpringsAirConditioning.com,B+,143.2,65.1,"5' 7""",171,55310924-4b52-46c4-9747-c68d45e91252,38.871334,-76.977284,@SidneyMPrice
189,female,Ms.,Elease,J,Moore,4567 Hartway Street,Browns Valley,SD,56219,US,United States,EleaseJMoore@gustr.com,Recoughtell,nout4eeCh2u,605-694-4291,Cho,7/23/1966,MasterCard,5104981033522130,547,3/2018,503-44-0554,1Z 407 6E1 05 4093 191 7,Combined food preparation and serving worker,HomeBase,2011 Lexus GX,InstantSitter.com,O+,196.7,89.4,"5' 5""",164,eb4caeac-41b2-41da-9ce4-f1f67636a774,45.682634,-96.788526,@EleaseJMoore
190,female,Ms.,Karen,D,Sprague,3525 Counts Lane,Nicholasville,KY,40356,US,United States,KarenDSprague@dayrep.com,Quishe,vu4Jomooj,859-881-5712,Armstrong,2/14/1986,MasterCard,5383657522824930,509,1/2018,407-43-8451,1Z 866 2V3 95 7176 700 3,Custodian,Sound Advice,2007 Buick LaCrosse,GourmetVitamins.com,A-,192.1,87.3,"5' 4""",162,37a76164-3ff7-468b-977e-1e003988e09c,37.949936,-84.530672,@KarenDSprague
191,male,Mr.,James,G,Adams,3045 Tipple Road,Portland,PA,97205,US,United States,JamesGAdams@gustr.com,Venthic,fo6quu1aiSei,215-800-7828,Root,3/2/1992,MasterCard,5568120006446350,175,11/2017,208-72-8847,1Z 394 Y82 62 6917 380 4,Piano repairer,Lionel Playworld,2008 Nissan Versa,InspiredFan.com,B+,233,105.9,"6' 0""",183,3151549b-3088-4664-a80b-bea729c03bc1,45.499336,-122.720373,@JamesGAdams
192,female,Ms.,Ruby,R,Scott,2595 Wilson Street,Cima,CA,92323,US,United States,RubyRScott@dayrep.com,Piew1958,daeCh0Zoh,760-928-5373,Thompson,8/30/1958,MasterCard,5190467361624420,47,8/2016,608-26-6289,1Z 062 875 26 3989 825 8,Map editor,Magna Architectural Design,2011 SSC Aero,DestinedFate.com,O+,115.3,52.4,"5' 3""",161,b2599f3e-8ec7-4b8a-bc2d-ea81d2081046,35.264402,-115.573388,@RubyRScott
193,male,Mr.,John,D,Lee,4065 Elkview Drive,Miami,FL,33169,US,United States,JohnDLee@gustr.com,Forea1945,Iekah9ru,772-425-8759,Henry,12/31/1945,MasterCard,5417687741714080,130,7/2018,768-48-5017,1Z 185 044 19 3594 854 8,Dental laboratory technician,Shabby Chic,2008 Kia Cerato,PayResort.com,B+,194.3,88.3,"5' 4""",163,3f380274-e08b-4c58-86c8-80d79b4b5840,25.924263,-80.242383,@JohnDLee
194,male,Mr.,Jeffrey,B,Maynard,4533 Armory Road,Laurinburg,NC,28352,US,United States,JeffreyBMaynard@gustr.com,Thorthamme,rae0Pae4raN,910-827-9945,Tyndall,11/6/1948,Visa,4539187050550840,300,7/2018,683-01-5054,1Z 8W2 A28 16 2428 658 2,Airfield operations specialist,Cal Stereo,2003 GMC Envoy,FantasySpecialist.com,A+,191.4,87,"6' 0""",182,c647db93-41f3-44d6-ba87-df7c4de1ba24,34.747571,-79.528354,@JeffreyBMaynard
195,female,Mrs.,Brenda,R,Bradley,643 Perry Street,Lapeer,MI,48446,US,United States,BrendaRBradley@superrito.com,Beentive,Ashuuz7Aich,810-664-5574,Barnes,11/8/1957,MasterCard,5138665678027100,137,1/2014,365-27-0779,1Z 208 876 73 1005 717 9,Bus driver,Pleasures and Pasttimes,2003 Jaguar R Coupe,WaterStands.com,A+,207.9,94.5,"5' 3""",161,0dd6cccf-ab87-497f-b402-be61c9dd61ff,42.991671,-83.386011,@BrendaRBradley
196,male,Mr.,Alexander,D,Redmond,2341 Pallet Street,New York,NY,10013,US,United States,AlexanderDRedmond@armyspy.com,Capproper,Athia7ooW,914-310-3462,Rasmussen,2/3/1947,MasterCard,5509032702820470,112,9/2014,123-84-6620,1Z A92 332 27 4647 598 7,Pediatric dentist,Practi-Plan,2005 Mitsubishi Lancer,GetPopcorn.com,B+,177.8,80.8,"6' 0""",183,9e6e5b35-e8bc-4452-9970-c3001919647b,40.759058,-73.971648,@AlexanderDRedmond
197,male,Mr.,Ryan,J,Banks,3371 Lilac Lane,Brunswick,GA,31520,US,United States,RyanJBanks@gustr.com,Coust1958,RohHei7ako2,912-554-2528,Risher,6/4/1958,Visa,4716651041475170,448,2/2015,253-74-2465,1Z 79W 209 23 8773 811 3,Slaughterer,Price Savers,2004 Mercedes-Benz V,PureShades.com,O+,177.3,80.6,"6' 0""",182,13488c8a-0665-4d2d-b6b0-1f101ae453c6,31.094873,-81.415122,@RyanJBanks
198,female,Ms.,Rita,P,Sams,4777 Orchard Street,Burnsville,MN,55337,US,United States,RitaPSams@superrito.com,Cume1971,aiYeiy8iesh,952-808-3280,Hyatt,3/14/1971,MasterCard,5290984882179080,415,6/2018,468-26-1933,1Z 724 192 30 0043 943 4,Meter reader,Family Toy,2002 Dodge Neon,GreenPreserve.com,B+,205.7,93.5,"5' 6""",168,d9a7dc55-a493-4e5e-b7d3-f8eb2137babc,44.740034,-93.186061,@RitaPSams
199,female,Ms.,Jennifer,H,Bowman,707 Jerry Dove Drive,Myrtle Beach,SC,29575,US,United States,JenniferHBowman@einrot.com,Worive,Sheo9Tiza,843-477-4776,Ventimiglia,10/8/1934,MasterCard,5409838637190360,330,2/2014,250-10-9047,1Z 514 400 97 1413 650 2,Food science technician,Stop N Shop,2002 Peugeot 307,AvailableDollars.com,O+,202.8,92.2,"5' 7""",169,23e85803-e70d-4caa-8e9f-d598b4b548ee,33.53509,-78.896368,@JenniferHBowman
200,male,Mr.,William,B,Kerr,1297 Green Avenue,Concord,CA,94520,US,United States,WilliamBKerr@armyspy.com,Criesuck91,eT1ailie,510-761-0833,Robbins,3/10/1991,Visa,4485270000855070,505,7/2018,557-30-8481,1Z 402 683 37 5148 511 4,Administrative worker supervisor,Magna Gases,1995 Pininfarina Argento,FutureRequest.com,O+,126.1,57.3,"6' 2""",187,c2d71765-579b-46e5-8f6c-f0ff42ee3c1e,37.955525,-121.976086,@WilliamBKerr
