Number,Gender,Title,GivenName,MiddleInitial,Surname,StreetAddress,City,State,ZipCode,Country,CountryFull,EmailAddress,Username,Password,TelephoneNumber,MothersMaiden,Birthday,CCType,CCNumber,CVV2,CCExpires,NationalID,UPS,Occupation,Company,Vehicle,Domain
1,male,Mr.,Jerry,A,Coleman,1215 Caldwell Road,Rochester,NY,14608,US,United States,JerryAColeman@armyspy.com,Welsight73,KeFoo3bei,585-255-1127,Schulte,3/7/1973,MasterCard,5459242598691494,486,12/2016,125-20-4412,1Z 367 A54 57 2529 578 8,Foreign language interpreter,Life Plan Counselling,2003 Chrysler 300,AstrologyClipart.com
3,male,Mr.,Roy,L,Greenwell,2413 Capitol Avenue,Romney,IN,47981,US,United States,RoyLGreenwell@superrito.com,Whisight,Roh1Phaivai,765-538-2134,Sellers,1/18/1968,Visa,4485372252814909,357,2/2017,314-12-0362,1Z 542 208 78 0987 121 1,Cook,Big D Supermarkets,2008 Chevrolet Tahoe,TerrorTax.com
5,male,Mr.,Frank,J,Clarke,722 Harvest Lane,Sedalia,MO,65301,US,United States,FrankJClarke@gustr.com,Tence1974,eiJu9beesh,660-829-8161,Vincent,5/25/1974,Visa,4539583770080775,657,3/2015,500-32-5083,1Z 985 897 08 4350 543 1,Job service consultant,Cherry & Webb,2012 Lotus Elise,EgoSave.com
7,male,Mr.,Jason,F,Scott,1167 Marion Drive,Winter Haven,FL,33830,US,United States,JasonFScott@superrito.com,Witimpen,vobu5Quush,813-363-5042,McPherson,2/5/1955,MasterCard,5565369780494824,634,11/2015,594-53-6614,1Z 057 144 29 0356 461 1,Musical instrument tuner,National Lumber,2005 Ford E-150,TanCarpet.com
9,male,Mr.,Richard,G,Brock,988 Sunburst Drive,Fort Myers,FL,33901,US,United States,RichardGBrock@superrito.com,Therant,PahnahF8,239-336-0832,Couch,2/9/1971,Visa,4916262050024075,767,12/2018,595-21-4368,1Z F64 F86 94 8891 746 6,Petroleum technician,Rainbow Bay Crafts,1994 Chrysler ES,BaldSociety.com
11,male,Mr.,Ross,R,Kay,2849 Junkins Avenue,Albany,GA,31707,US,United States,RossRKay@teleworm.us,Cipen1955,jachoh0W,229-407-9032,Johnson,4/24/1955,Visa,4916999065370536,964,9/2015,671-20-7586,1Z 944 015 40 3229 097 4,Credit clerk,Jewel Mart,1993 Donkervoort D8,PotteryEmporium.com
13,male,Dr.,Andre,J,Larson,643 Patterson Road,Queens,NY,11418,US,United States,AndreJLarson@cuvox.de,Flualinte,uuHo9Miwahsh,718-846-4924,Smith,10/1/1940,Visa,4485374842766151,248,3/2018,057-48-9503,1Z 433 524 21 1664 785 2,Water transportation mate,Rickel,2010 Ferrari 612 Scaglietti,DeliciousThemes.com
15,female,Ms.,Wendy,F,Hill,180 Tenmile,Desert Center,CA,92239,US,United States,WendyFHill@gustr.com,Beettlefor,Caibaeho0hah,760-227-2128,Brown,1/24/1969,MasterCard,5179609826022461,979,10/2015,569-44-4476,1Z 160 959 16 8890 639 0,Musical instrument tuner,Joshua Doore,1995 Ford Galaxy,ColumbusMover.com
17,female,Ms.,Bonnie,R,Ibrahim,4237 Warner Street,Casper,WY,82601,US,United States,BonnieRIbrahim@dayrep.com,Suldand,osie5goC2ee,307-204-8559,Carter,9/18/1962,Visa,4556137616627501,634,7/2015,520-72-0569,1Z 984 095 07 8317 870 1,Amusement and recreation attendant,Geri's Hamburgers,1999 GMC Sierra,GamingWild.com
19,male,Mr.,Richard,D,Ratcliff,4979 Canis Heights Drive,Los Angeles,CA,90071,US,United States,RichardDRatcliff@armyspy.com,Weld1936,azooPee1,213-698-8551,George,7/17/1936,Visa,4929357369718089,741,9/2018,613-86-4983,1Z 5V1 966 50 9326 029 2,Fork lift operator,Erb Lumber,1997 Nissan Terrano II,CardKnowledge.com
21,female,Mrs.,Catherine,J,Hinojosa,2932 Cook Hill Road,New Haven,CT,06511,US,United States,CatherineJHinojosa@armyspy.com,Danclas,Aisee7ooz,203-477-3061,Moore,5/23/1956,Visa,4929290652869394,655,8/2015,045-09-2996,1Z 389 2V9 70 0251 637 2,Concierge,Bumper to Bumper Auto Parts,2002 Nissan Primera,SanDiegoFuneralHome.com
23,female,Ms.,Jennifer,W,Paxton,2922 Doctors Drive,Irvine,CA,92614,US,United States,JenniferWPaxton@gustr.com,Goisuccaut,dai7shiuD,310-430-7875,Hayden,12/15/1992,MasterCard,5139526251693955,104,6/2017,546-01-7424,1Z 054 W32 60 8659 924 8,Travel adviser,A. L. Price,1996 Saturn SL,BondCoupon.com
25,female,Mrs.,Kelly,S,Nguyen,3161 Palmer Road,Columbus,OH,43212,US,United States,KellySNguyen@einrot.com,Lizabilings,gohNg2saoloh,614-729-8389,Hall,12/21/1994,Visa,4929958787589208,556,4/2014,288-30-6382,1Z 6F5 394 25 7396 543 4,Cardiology technologist,PriceRite Warehouse Club,2005 Jeep Commander,MoreStatus.com
27,female,Ms.,Linda,S,Miller,2770 Barnes Avenue,Loveland,OH,45140,US,United States,LindaSMiller@dayrep.com,Diect1932,Doa1Phimoo,513-677-2998,Perez,7/15/1932,MasterCard,5307926239208718,693,3/2015,293-44-9808,1Z 687 217 69 2931 047 2,Personnel training officer,Foxmoor,1996 Citroen Xantia,Editorville.com
29,female,Ms.,Christine,K,Ward,374 Harvest Lane,Omaha,MO,63565,US,United States,ChristineKWard@einrot.com,Mout1948,AeQu1ohPeir,660-933-1473,Price,3/30/1948,MasterCard,5554659778534653,301,10/2014,491-18-6221,1Z 0W7 934 46 5412 056 3,Adjudicator,Twin Electronics,2009 Cadillac CTS-V,TripBusiness.com
31,male,Mr.,Joshua,B,Rodgers,952 Ben Street,East Lansing,MI,48823,US,United States,JoshuaBRodgers@cuvox.de,Objectioneve,iBai9lei9oo,517-979-4252,Harty,3/9/1965,Visa,4916724527245815,358,3/2014,381-29-3886,1Z 231 82Y 34 3906 535 5,Pointer,H. J. Wilson & Company,2008 Suzuki Forenza,ListFail.com
33,male,Mr.,John,N,Robinson,4327 Grasselli Street,Merrimack,NH,03054,US,United States,JohnNRobinson@gustr.com,Onthe1974,ohThe4peyi,603-517-2879,Wagner,3/1/1974,MasterCard,5422402923182809,783,4/2018,003-14-4417,1Z 336 E37 47 0464 737 9,Certified public accountant,The Great Train Stores,2008 BMW 740,EyeReporter.com
35,male,Mr.,Donald,E,Schiller,4504 Washington Street,Berclair,TX,78107,US,United States,DonaldESchiller@einrot.com,Goorms,Xee0engo,361-439-4633,Johnson,3/21/1945,Visa,4485709811344441,483,1/2017,637-92-2607,1Z Y60 167 96 3781 558 2,Bibliographer,Liberty Wealth Planner,2004 Chevrolet Avalanche,TreeYard.com
37,female,Ms.,Lois,R,Miller,3886 Columbia Boulevard,Baltimore,MD,21202,US,United States,LoisRMiller@cuvox.de,Swifirold,weeG7Va4Te,410-393-5310,Dill,12/5/1993,Visa,4916900048565994,197,9/2014,212-04-4568,1Z 405 611 00 2096 861 4,Sewer pipe cleaner,Lazysize,1996 Ford Falcon,SatelliteGambling.com
39,female,Mrs.,Alena,A,Garza,4349 Twin Oaks Drive,Manistee,MI,49660,US,United States,AlenaAGarza@teleworm.us,Awerly1940,johb7Ivo1Od,231-398-2817,Carroll,12/8/1940,Visa,4916563417721935,129,2/2018,370-26-5535,1Z W24 635 69 3632 338 5,Two-stroke engine mechanic,Super Shops,2005 Pagani Zonda,ExitOption.com
41,female,Mrs.,Bessie,B,Howlett,465 Goldleaf Lane,Newark,NJ,07105,US,United States,BessieBHowlett@gustr.com,Hapithe,athibei6Eeg,201-629-6685,Pauli,6/4/1946,Visa,4716896104103179,486,11/2018,146-56-5383,1Z 162 887 48 6398 676 0,Garbage collector,Kinney Shoes,2000 Cadillac XLR,LawyerScreener.com
43,female,Mrs.,Dolores,A,Massey,2559 Locust Street,Colquitt,GA,31717,US,United States,DoloresAMassey@dayrep.com,Paten1953,CiedaT3Och,229-758-6732,Stacey,5/19/1953,Visa,4539001231116831,406,7/2017,260-48-2569,1Z 707 376 23 3310 848 1,Executive secretary,Klopfenstein's,2012 Seat Exeo,SeekAdvertising.com
45,female,Ms.,Liza,D,Pounders,4973 Middleville Road,Rosemead,CA,91770,US,United States,LizaDPounders@cuvox.de,Valast1954,zah7Ur0phaip,626-312-2467,Taylor,8/14/1954,Visa,4539471989027409,169,3/2015,605-47-8899,1Z 107 027 65 2372 308 0,Stenocaptioner,Boston Sea Party,2008 Rover Streetwise,CardPulse.com
47,male,Mr.,Calvin,H,Lieber,2090 Twin House Lane,Springfield,MO,65804,US,United States,CalvinHLieber@cuvox.de,Joyagesse1974,kair5Oaphe,417-440-8945,Clark,10/30/1974,MasterCard,5328699381229932,423,1/2015,486-01-9217,1Z 734 300 12 3067 964 8,Poultry trimmer,Chandler's,1992 Morgan 4,BlogRequest.com
49,female,Mrs.,Nancy,D,Jones,2187 Kerry Way,Gardena,CA,90248,US,United States,NancyDJones@teleworm.us,Artheyely,uC1aec8shohz,562-788-9642,Nave,4/18/1960,MasterCard,5450518069145360,592,8/2014,570-90-3232,1Z 61E 44Y 77 6309 093 8,Guidance counselor,Albers Super Markets,2007 Maserati Quattroporte,PrankKing.com
51,male,Mr.,Ernest,M,White,4286 Wexford Way,Columbia,SC,29201,US,United States,ErnestMWhite@superrito.com,Allogrishme1932,MioCh3zoo,803-301-5591,Dickey,11/2/1932,MasterCard,5460175699764173,137,10/2015,248-36-3234,1Z 3W5 766 07 8972 177 3,Credit investigator,Dreamscape Garden Care,2005 Chevrolet Corvette,CashCentric.com
53,male,Mr.,Henry,C,Vining,3818 Clover Drive,Colorado Springs,CO,80903,US,United States,HenryCVining@dayrep.com,Wherinew37,Hee0moche,719-271-1914,Meserve,12/15/1937,MasterCard,5406244734791307,693,9/2016,653-24-3852,1Z 692 38Y 07 4838 639 8,Encoding clerk,Happy Bear Investment,2010 Cadillac SRX,VCTalks.com
55,female,Ms.,Lorine,E,Liddell,788 Oakridge Lane,Macon,GA,31206,US,United States,LorineELiddell@superrito.com,Coursef,zie1hooY,478-256-7049,Sanchez,8/10/1983,MasterCard,5282681731849241,812,5/2017,670-28-6186,1Z 890 V31 52 8215 977 9,Spray machine operator,Pleasures and Pasttimes,2005 Saturn LW,BracketBasics.com
57,male,Mr.,John,T,Wade,1313 Garfield Road,Bloomington,IL,61704,US,United States,JohnTWade@teleworm.us,Frand1994,Eesuy1aeshe,309-665-6910,Taylor,8/1/1994,Visa,4556129857109208,180,11/2018,347-48-1867,1Z 8F9 84V 85 1815 110 0,Media director,Record & Tape Outlet,1996 Proton Persona,MapleFlower.com
59,female,Ms.,Priscilla,J,Gray,4170 Spruce Drive,Pittsburgh,PA,15203,US,United States,PriscillaJGray@teleworm.us,Saking,ooS6xuj2B,724-918-6140,Maldonado,3/28/1937,Visa,4556419669575146,666,9/2018,192-20-3704,1Z 694 384 54 7547 050 1,Timekeeper,King Carol,1996 Rover 800,LittleArticles.com
61,male,Mr.,Randy,M,Gamino,4123 Walnut Hill Drive,Cincinnati,OH,45214,US,United States,RandyMGamino@armyspy.com,Terent,equ0Iphang,513-305-7103,Preece,10/27/1965,MasterCard,5426497933292479,782,10/2014,297-03-0447,1Z 520 057 37 0926 664 9,Training coordinator,Independent Wealth Management,2012 SsangYong Chairman H,ExpressWeek.com
63,male,Mr.,Robert,G,Herrmann,1787 Cottonwood Lane,Grand Rapids,MI,49546,US,United States,RobertGHerrmann@teleworm.us,Balt1987,Nieng8daiCe,616-350-9990,Stetler,7/20/1987,Visa,4485881564471638,120,4/2016,372-14-1058,1Z 94F 019 67 0477 687 6,Extruding forming pressing and compacting machine operator,Lazysize,2003 Volkswagen Phaeton,VegetarianPizzas.com
65,male,Mr.,Thomas,M,Ybarra,2769 Dog Hill Lane,Topeka,KS,66607,US,United States,ThomasMYbarra@gustr.com,Phost1993,QueiKuoRa0,785-713-2136,Lewis,4/18/1993,Visa,4916110821395342,415,5/2016,509-80-8045,1Z 9A1 A35 27 3141 349 1,Team assembler,Titania,1999 Honda Passport,OpenWeddings.com
67,female,Ms.,Rita,J,Leslie,776 Hickory Street,Ogden,UT,84414,US,United States,RitaJLeslie@teleworm.us,Inctureniou,Aex1ahqu,801-786-2298,Chavers,12/18/1939,MasterCard,5292222249851607,881,2/2018,528-01-1040,1Z 409 049 84 4446 978 7,Fork lift driver,Rolling Thunder,1997 Kia Clarus,MemorabiliaSpot.com
69,female,Ms.,April,T,Lynch,4106 Oak Way,Lincoln,NE,68501,US,United States,AprilTLynch@armyspy.com,Lopeat,yahm2Eitee,402-475-9091,Wakefield,8/29/1944,MasterCard,5417500558140203,682,4/2016,506-07-6330,1Z 494 781 89 6904 280 9,Upholsterer,Olympic Sports,1995 Jeep Cherokee,BuyDecisions.com
71,male,Mr.,Nick,K,Guzman,520 Ingram Street,Kettering,OH,45429,US,United States,NickKGuzman@superrito.com,Oulk1985,teeR2Eisae,937-510-8654,Cantu,3/1/1985,Visa,4556690990961490,953,3/2016,287-10-7687,1Z F36 00E 62 9722 205 3,Education and development manager,Maxaprofit,1999 Toyota Paseo,BirthDisorders.com
73,male,Mr.,Marty,L,Stubblefield,1390 Brown Street,San Ramon,CA,94583,US,United States,MartyLStubblefield@gustr.com,Theut1971,Aongei7lahjai,925-904-5007,Smith,2/3/1971,Visa,4929909664629237,548,7/2017,612-36-9747,1Z 803 68Y 40 6106 624 1,Rotary drill operator,Wellby,1995 Chrysler Cirrus,DropChaser.com
75,male,Mr.,Kenneth,H,Germany,1810 Station Street,Austin,TX,78741,US,United States,KennethHGermany@cuvox.de,Havocapiente67,beeCh5ae,512-225-1224,Ludwig,6/22/1967,Visa,4539121333859490,802,11/2017,464-31-6862,1Z F63 681 91 9639 331 6,Perioperative nurse,Price Club,2012 Rolls-Royce Phantom,BoiseTaxis.com
77,male,Mr.,Alfredo,D,Rudd,2954 Carson Street,Lexington,KY,40507,US,United States,AlfredoDRudd@cuvox.de,Uselp1970,foqu2lieLie,859-248-1098,Vargo,3/5/1970,Visa,4916281962088382,450,1/2014,404-31-2804,1Z 50F 871 32 3650 572 0,Data coder operator,Star Bright Investment Group,2002 Nissan Quest,SalesPond.com
79,female,Mrs.,Alicia,C,Birkholz,2677 Stutler Lane,State College,PA,16803,US,United States,AliciaCBirkholz@einrot.com,Woustravight,yahY3uvee,814-433-6100,Collins,11/29/1966,MasterCard,5569674299981930,538,5/2017,187-34-4383,1Z 129 5A6 75 0682 692 7,Electronic drafter,Muscle Factory,1993 Austin Montego,PanicExpert.com
81,male,Mr.,Allan,D,Dickens,3383 Mapleview Drive,Camden,TN,38320,US,United States,AllanDDickens@einrot.com,Thatrated,Jie3iph3th,731-279-9632,Brown,3/8/1977,MasterCard,5154022129753163,284,2/2014,408-14-4137,1Z 859 W78 38 2200 533 7,Model,Gas Legion,2000 Toyota Echo,TennisAnalyst.com
83,male,Mr.,Edward,L,Hall,1293 Deer Ridge Drive,Newark,NJ,07102,US,United States,EdwardLHall@superrito.com,Thak1932,choh3sooQu,973-549-8659,Smith,8/16/1932,MasterCard,5588019510597494,617,9/2016,147-70-2994,1Z 315 W85 25 4427 147 4,Hearing officer,Megatronic Plus,2006 Volvo XC90,LimitBuy.com
85,female,Ms.,Ladonna,R,Furr,369 New Creek Road,Huntsville,AL,35816,US,United States,LadonnaRFurr@dayrep.com,Petry1947,oozeich8Ah,256-841-2403,Brown,6/17/1947,Visa,4485827405732811,263,10/2016,417-53-4535,1Z W16 778 21 8738 781 0,Cost consultant,DGS HomeSource,2005 Citroen C,DiscDash.com
87,male,Mr.,Paul,T,Corbin,4949 Mill Street,Greenville,SC,29601,US,United States,PaulTCorbin@teleworm.us,Htiquous1978,poosuDah9i,864-201-6834,Rivera,12/19/1978,Visa,4916394333470302,897,11/2017,249-69-8643,1Z 8W1 123 26 0326 433 5,Sewing machine operator,Honest Air Group,2007 Mercedes-Benz G,PreviewDomains.com
89,male,Mr.,Robert,M,Rothstein,2995 Valley View Drive,Quincy,MA,02169,US,United States,RobertMRothstein@einrot.com,Sonvermis,iaY9thohx4Ai,617-689-5924,Jeffries,2/10/1973,MasterCard,5451972560023296,235,7/2016,025-22-1387,1Z 013 869 48 4664 641 2,Social psychologist,Cloth World,1998 Pontiac Trans Sport,RotaryShow.com
91,female,Mrs.,Christina,J,Thomas,388 Sycamore Lake Road,Horicon,WI,53032,US,United States,ChristinaJThomas@gustr.com,Shuman,coh6iCh4,920-485-9825,Dietz,11/14/1994,MasterCard,5140919129088200,881,5/2016,391-09-9693,1Z Y37 A21 72 6872 924 9,Coil winder,DGS VolMAX,2005 Maserati Coupe,BeverageMobile.com
93,female,Ms.,Amy,A,Giles,3571 Bell Street,New York,NY,10007,US,United States,AmyAGiles@teleworm.us,Pultooper,Xu0oRa1Uung,212-236-8563,Lehto,10/9/1940,Visa,4532692853434325,170,4/2018,120-90-8225,1Z V71 300 43 9149 761 6,Cardiographic technician,Big Bear Stores,2009 Honda CR-V,GreenHealthInsurance.com
95,female,Mrs.,Myrtle,M,Reed,4304 Glen Street,Louisville,KY,40299,US,United States,MyrtleMReed@gustr.com,Liting1957,VoaTe8kohqu6,270-300-0013,Abdo,9/6/1957,MasterCard,5346482623487404,610,6/2017,407-64-4227,1Z 046 625 20 3796 955 2,Training assistant,David Weis,2011 Daihatsu Cuore,RipApart.com
97,male,Mr.,Albert,E,Clark,4556 Yorkie Lane,Tybee Island,GA,31328,US,United States,AlbertEClark@einrot.com,Trignis,rae4aMai,912-786-0311,Hacker,12/6/1942,Visa,4916572261266988,184,10/2016,670-12-6992,1Z 278 278 54 4765 746 4,Vocational nurse,Acuserv,2005 BMW 740,OTCFunding.com
99,female,Dr.,Sally,M,Sisco,1802 Point Street,Buffalo Grove,IL,60089,US,United States,SallyMSisco@cuvox.de,Thoughty,yeeth1Iex9,773-908-5915,Manley,7/15/1933,Visa,4916441513666173,929,4/2014,332-03-4421,1Z 718 07V 16 9664 027 2,Consultant dietitian,Body Toning,2009 Toyota iQ,FavoriteNewspaper.com
9819,female,Ms.,Marilyn,R,Earnest,2511 Lighthouse Drive,Branson,MO,65616,US,United States,MarilynREarnest@gustr.com,Tiledgets38,eici5oQuoo,417-252-7522,Wynn,2/7/1938,Visa,4532475607678599,794,10/2016,500-17-6895,1Z 031 498 09 2589 452 8,Camera repairer,Twin Electronics,1993 Proton Persona,CorpInsider.com
9821,female,Ms.,Debra,A,Allen,3217 Queens Lane,Lynchburg,VA,24504,US,United States,DebraAAllen@dayrep.com,Nintiost,raiZoox1,434-688-2469,Anderson,6/3/1964,MasterCard,5249358895019828,494,9/2018,225-83-3671,1Z 687 329 68 2690 189 1,Auditing clerk,H. J. Wilson & Company,1998 McLaren MP4,BasicChannels.com
9823,male,Mr.,John,R,Barrows,4428 Radio Park Drive,Atlanta,GA,30328,US,United States,JohnRBarrows@cuvox.de,Godder,pageeG9ruro,706-763-0828,Trent,8/5/1993,Visa,4532193646718173,411,8/2018,258-90-4564,1Z 055 700 28 6007 810 1,Staffing specialist,The Great Train Stores,2007 Renault Modus,DipFood.com
9825,female,Ms.,Patty,C,Fisher,3349 Emma Street,Lefors,TX,79054,US,United States,PattyCFisher@dayrep.com,Oring1978,phooy5Zagh,806-835-0738,Merrill,5/25/1978,MasterCard,5269233782102539,611,9/2016,633-90-5319,1Z 806 2A0 42 1225 417 2,Industrial property manager,Liberty Wealth Planner,1996 Mazda MX-3,MaintenanceAssistance.com
9827,female,Ms.,Patricia,B,Neal,4331 Lochmere Lane,Sharon,CT,06069,US,United States,PatriciaBNeal@cuvox.de,Musbacked72,Layuib0gie9,860-364-5391,Page,1/5/1972,MasterCard,5103197669934415,424,7/2017,044-08-2550,1Z Y95 7Y8 31 7926 537 4,Control and valve repairer,Lazysize,2001 Rover 45,ScholarResearch.com
9829,female,Ms.,Francine,H,Reasoner,3962 Patterson Fork Road,Chicago,IL,60606,US,United States,FrancineHReasoner@armyspy.com,Havour,Leitoo7iiti,312-648-0202,Hardy,4/1/1985,Visa,4916373083613857,487,8/2014,345-44-1124,1Z 535 0E4 92 8185 403 8,EEO representative,Super Shops,1994 Isuzu Frontera,LawnSuppliers.com
9831,male,Mr.,John,G,Eastin,2909 Losh Lane,Bellevue,PA,15202,US,United States,JohnGEastin@cuvox.de,Lowl1966,yao8Aihae,412-761-1509,Walters,10/31/1966,Visa,4539267993953816,651,6/2015,187-20-5208,1Z 471 99E 98 2008 107 0,Railroad signal operator,Kinney Shoes,2002 Opel Concept M,EducatedTrust.com
9833,male,Mr.,Saul,T,Sanchez,3258 Nuzum Court,Buffalo,NY,14202,US,United States,SaulTSanchez@dayrep.com,Owery1982,Ul6taz5wa,716-515-7513,Rosenbaum,3/9/1982,Visa,4916529803657165,240,12/2017,074-64-8401,1Z F64 620 22 8852 369 2,Lathe and turning machine tool setter,Klopfenstein's,1996 Subaru Vivio,ScrapbookLive.com
9835,male,Mr.,Francis,A,Erickson,1154 Broadway Street,Myrtle Beach,SC,29577,US,United States,FrancisAErickson@einrot.com,Unswed,Lei5poubah,843-787-9170,Hanes,5/2/1974,Visa,4485085844780038,997,12/2015,250-61-6346,1Z F30 565 27 2116 674 4,Music director,Boston Sea Party,2007 Ascari KZ1,GreenMentors.com
9837,male,Mr.,Christopher,S,Thornton,1167 Zappia Drive,Lexington,KY,40509,US,United States,ChristopherSThornton@superrito.com,Horlsonflon,ooCh2shaiZ,859-317-5039,Ziegler,4/28/1935,MasterCard,5518682933948092,522,1/2016,407-31-0040,1Z A63 225 25 7355 290 0,Decontamination technician,Chandler's,2005 Ford Taurus,SplashJet.com
9839,male,Mr.,Richard,L,Kelly,2889 Losh Lane,Pittsburgh,PA,15201,US,United States,RichardLKelly@armyspy.com,Identionevid,xae8Yahr1ch,412-725-0184,Hubble,4/28/1970,MasterCard,5201288201929442,658,4/2014,188-38-7451,1Z 234 503 94 0176 220 1,Local truck driver,Albers Super Markets,2001 Chrysler Concorde,CableLog.com
9841,female,Mrs.,May,M,Harman,2673 Isaacs Creek Road,Danville,IL,61832,US,United States,MayMHarman@einrot.com,Rearldeen,kugo5weiVe,217-504-6112,Sanchez,1/19/1942,MasterCard,5171653445966219,691,7/2015,335-22-4680,1Z 921 25A 01 3791 974 9,Recreation worker,Dreamscape Garden Care,2011 Holden Epica,PoolWorker.com
9843,male,Dr.,James,C,Boling,3026 B Street,New Brighton,MN,55112,US,United States,JamesCBoling@einrot.com,Noures,ooXa6Rah,651-638-2584,Gardner,1/18/1979,MasterCard,5272873038429346,232,8/2017,475-68-6549,1Z 341 08A 16 1471 471 5,Social work planner,Happy Bear Investment,2000 Kia Rio,RugTypes.com
9845,female,Ms.,Roberta,M,Orth,1877 Ford Street,San Francisco,CA,94108,US,United States,RobertaMOrth@teleworm.us,Anney1936,UFo7ooziola,408-505-5179,Martinez,5/19/1936,Visa,4532939083641587,319,2/2014,623-33-7852,1Z 747 564 17 1232 445 6,News analyst,Pleasures and Pasttimes,2005 BMW 116,ListAvailable.com
9847,male,Dr.,Arthur,G,Wilson,4033 Sand Fork Road,Plymouth,IN,46563,US,United States,ArthurGWilson@armyspy.com,Pronegrot,Ish7eib3ooF,574-913-6065,Bailey,11/5/1983,Visa,4485178375597341,430,4/2016,303-22-6782,1Z 743 844 73 7738 988 1,Interpreter,Record & Tape Outlet,2010 Mercedes-Benz CLC,FotoTrader.com
9849,male,Mr.,Merlin,N,Rogers,4008 Gateway Avenue,Bakersfield,CA,93301,US,United States,MerlinNRogers@gustr.com,Wifemely,aeCei3Voo,661-851-3509,Kline,11/7/1951,MasterCard,5595268009840318,522,6/2017,622-51-6918,1Z 359 48W 33 1530 137 7,In home service professional,King Carol,2011 Hyundai Elantra,MeritGuide.com
9851,male,Mr.,Zachary,A,Scherer,4004 Riverwood Drive,Macdoel,CA,96058,US,United States,ZacharyAScherer@cuvox.de,Whorseturent,Niwaeng2Z,530-398-1803,Pittman,2/6/1983,MasterCard,5491750772360041,649,9/2016,567-82-0182,1Z 3E1 3A9 30 4804 288 4,Catering manager,Independent Wealth Management,2009 Ferrari F430,BidCosmetics.com
9853,female,Ms.,Catherine,E,Ramos,661 Laurel Lane,Odessa,TX,79762,US,United States,CatherineERamos@teleworm.us,Lesellizen,uu8pha5ieP,432-366-5899,Burris,1/9/1972,Visa,4929835634304124,712,7/2018,456-58-5496,1Z 6A0 672 76 2977 412 7,Asbestos abatement worker,Lazysize,2006 GMC Savana,TelevisionBroker.com
9855,male,Mr.,William,W,Borden,312 Crosswind Drive,Louisville,KY,40202,US,United States,WilliamWBorden@einrot.com,Hilowentoce,aiwie5Voong,270-834-4683,Hamilton,7/23/1938,MasterCard,5286110117354051,971,1/2017,403-60-3904,1Z A82 V26 47 3591 696 0,Teaching assistant,Titania,2006 Citroen C6,RipApart.com
9857,male,Mr.,Jonathan,E,Rodriguez,2312 Rowes Lane,Louisville,KY,40202,US,United States,JonathanERodriguez@teleworm.us,Pused1940,aif4yaiV4m,270-592-9786,Goss,5/27/1940,Visa,4539487941472988,372,12/2016,405-32-6403,1Z 504 200 48 4415 955 4,Recreation and parks director,Rolling Thunder,2000 Chrysler Viper,CompHotel.com
9859,male,Mr.,John,M,Tilley,1157 Hiney Road,North Las Vegas,NV,89030,US,United States,JohnMTilley@dayrep.com,Tionfur1932,Faish3moh,702-289-6791,Staley,2/27/1932,Visa,4539061888827544,187,4/2014,530-43-7021,1Z A87 700 20 5179 647 2,Game warden,Olympic Sports,2003 Lada Calina 1118,InvisibleGame.com
9861,female,Ms.,Sophia,D,Rowland,848 Kimberly Way,Grand Rapids,MI,49505,US,United States,SophiaDRowland@teleworm.us,Unneville,utuaY9roo,616-831-9925,Larson,12/12/1975,MasterCard,5539807357149043,408,3/2017,365-25-9449,1Z 98A F08 87 7346 261 7,Bus driver,Maxaprofit,1993 Plymouth Prowler,BornSeller.com
9863,male,Mr.,Charlie,S,Leblanc,2051 Bingamon Branch Road,Warwick,NY,10990,US,United States,CharlieSLeblanc@einrot.com,Mothe1987,Raidie3ve,845-988-3563,Jeanpierre,10/11/1987,Visa,4716517049530744,741,4/2015,066-12-5382,1Z 8E6 F52 69 0026 345 7,Marine oiler,Wellby,2012 Fiat Ulysse,VacancyJobs.com
9865,male,Mr.,Francis,J,Foster,4171 Martha Street,Prescott,AZ,86301,US,United States,FrancisJFoster@teleworm.us,Prationfles,ohThuuY3rei,928-717-6567,Ramos,5/16/1983,Visa,4539153026230564,292,1/2015,601-15-1908,1Z 784 7F6 22 0353 191 9,Radar controller,Price Club,2010 Volvo S60,PrimeForces.com
9867,male,Mr.,Mike,D,Otterson,4428 Tail Ends Road,Green Bay,WI,54303,US,United States,MikeDOtterson@dayrep.com,Maded1945,oon1IWai9ba,920-609-4773,Moberg,11/30/1945,Visa,4916489759419807,754,12/2015,387-20-7620,1Z 586 924 31 4006 951 4,Industrial millwright,Star Bright Investment Group,2012 Dodge Avenger,ToledoTelevision.com
9869,male,Mr.,Kenneth,E,Miller,358 Fowler Avenue,Norcross,GA,30071,US,United States,KennethEMiller@teleworm.us,Impass,gahwae9Vai7,770-212-5150,Potter,7/21/1990,MasterCard,5230240322420038,616,8/2017,673-05-1011,1Z 105 W51 09 7408 149 2,Power plant operator,Muscle Factory,2004 BMW 530,BloggerDirect.com
